RANK,NAME,TEAM,CUR,POS,AGE,GP,MpG,USG%,TO%,FTA,FT%,2PA,2P%,3PA,3P%,eFG%,TS%,PpG,RpG,ApG,SpG,BpG,TOpG,P+R,P+A,P+R+A,VI,ORtg,DRtg
1,Shai Gilgeous-Alexander,Okc,*,G,26.6,60,34.2,34.5,10.6,537,0.896,941,0.58,342,0.374,0.575,0.644,32.6,5.2,6.2,1.8,1,2.5,37.8,38.8,43.9,11.9,129.1,105.4
2,Giannis Antetokounmpo,Mil,*,F,30.2,48,34.1,35.9,14.2,501,0.591,928,0.623,42,0.19,0.608,0.62,30.8,12.1,6,0.8,1.3,3.3,42.8,36.7,48.8,15.3,119.4,104.1
3,Nikola Jokic,Den,*,C,30,55,36.1,29.2,14.6,331,0.822,805,0.619,243,0.444,0.63,0.667,28.9,12.7,10.4,1.8,0.7,3.3,41.7,39.4,52.1,17.3,133.9,107.3
4,Luka Doncic,Dal,,F-G,26,22,35.7,33,13.9,146,0.767,254,0.555,212,0.354,0.544,0.584,28.1,8.3,7.8,2,0.4,3.4,36.5,36,44.3,13.7,115.9,106.8
5,Anthony Edwards,Min,*,G,23.6,60,36.5,31.7,14,373,0.842,630,0.471,607,0.405,0.538,0.587,27.4,6,4.6,1.2,0.6,3.4,33.4,32,38,10,112.3,109.6
6,Kevin Durant,Pho,*,F,36.4,49,36.8,28.9,13.8,292,0.825,608,0.59,299,0.398,0.593,0.635,26.9,6,4.2,0.9,1.3,3,32.9,31.1,37.1,9.5,116.3,116.3
7,Jayson Tatum,Bos,*,F-G,27,58,36.5,30.9,12.6,364,0.802,582,0.553,585,0.352,0.541,0.585,26.8,8.8,5.8,1.1,0.5,2.9,35.6,32.6,41.5,12.2,116.7,105.4
8,Tyrese Maxey,Phi,*,G,24.3,52,37.7,30.1,10.2,289,0.879,613,0.515,478,0.337,0.511,0.562,26.3,3.3,6.1,1.8,0.4,2.4,29.7,32.4,35.8,8.6,114.3,115.1
9,LaMelo Ball,Cha,*,G,23.5,38,32.3,36.3,14,197,0.822,394,0.49,440,0.336,0.498,0.539,26.1,5.2,7,1.2,0.3,3.6,31.3,33.1,38.3,12.2,108.6,107.6
10,Jalen Brunson,Nyk,*,G,28.5,60,35.4,29.5,11.9,411,0.822,754,0.538,358,0.388,0.553,0.606,26.1,3,7.4,1,0.1,2.5,29.1,33.5,36.4,9.4,123.7,114.1
11,Anthony Davis,Dal,*,F-C,32,1,30.9,30,5.2,6,0.667,16,0.5,2,1,0.611,0.63,26,16,7,0,3,1,42,33,49,18.5,139,111.8
12,Devin Booker,Pho,*,G,28.3,56,37.3,29.1,13,383,0.89,620,0.532,431,0.346,0.527,0.594,25.9,4,6.9,1,0.3,2.8,29.8,32.7,36.7,9.6,119.1,116
13,Anthony Davis,Lal,,F-C,32,42,34.3,30.2,10.9,321,0.788,663,0.561,94,0.298,0.547,0.602,25.7,11.9,3.4,1.3,2.1,2.2,37.6,29.1,41,11.8,120.5,106.2
14,Damian Lillard,Mil,*,G,34.6,50,36.4,27.9,14.4,342,0.921,410,0.529,460,0.376,0.548,0.621,25.4,4.7,7.2,1.2,0.2,2.9,30,32.6,37.3,10.4,121.9,111.7
15,Cade Cunningham,Det,*,G,23.4,57,35.2,32.6,17.7,283,0.855,814,0.501,357,0.359,0.512,0.557,25.3,6.1,9.4,1,0.8,4.4,31.4,34.7,40.8,12.9,110.8,108.4
16,Franz Wagner,Orl,*,F,23.5,43,33.4,31.8,10.5,238,0.853,583,0.54,262,0.309,0.517,0.566,25,5.6,4.7,1.3,0.4,2.3,30.6,29.7,35.3,10.4,113.7,105.4
17,De'Aaron Fox,Sac,,G,27.2,45,37,28.8,13.1,246,0.829,597,0.539,286,0.322,0.521,0.567,25,5,6.1,1.5,0.4,3,30,31.1,36.1,9.9,113.2,111.2
18,LeBron James,Lal,*,F,40.2,56,34.7,30.8,17.9,259,0.776,697,0.578,330,0.394,0.582,0.612,24.9,8,8.5,0.9,0.6,4,33,33.5,41.5,13.7,116.5,110.6
19,Zion Williamson,Nor,*,F,24.7,24,28.3,35,14.3,191,0.634,399,0.584,13,0.231,0.576,0.601,24.8,7.3,5.2,1.3,0.9,2.9,32.1,30,37.3,13.9,117.1,111.3
20,Kyrie Irving,Dal,*,G,32.9,50,36.1,27.3,10.5,214,0.916,586,0.517,359,0.401,0.549,0.594,24.7,4.8,4.6,1.3,0.5,2.2,29.5,29.3,34.1,9.1,118.6,113.6
21,Karl-Anthony Towns,Nyk,*,C-F,29.3,54,35.1,26.9,13.3,305,0.836,643,0.572,259,0.425,0.591,0.637,24.5,13.4,3.1,1,0.8,2.6,37.9,27.6,41,11.5,123.7,103
22,Victor Wembanyama,San,*,F-C,21.2,46,33.2,30.3,14.8,189,0.836,454,0.586,403,0.352,0.559,0.594,24.3,11,3.7,1.1,3.8,3.2,35.3,27.9,38.9,12,109.1,107.2
23,Donovan Mitchell,Cle,*,G,28.5,57,31.1,30.9,9.6,261,0.828,545,0.516,517,0.393,0.551,0.589,24.3,4.3,4.8,1.3,0.2,2,28.6,29.1,33.4,10.2,119.5,108.6
24,Paolo Banchero,Orl,*,F,22.3,29,33.6,33.3,14,244,0.693,383,0.493,165,0.315,0.487,0.536,24.2,6.9,5,0.8,0.8,3.1,31.2,29.2,36.1,11.2,106.1,106.9
25,Cam Thomas,Bro,*,G,23.4,21,31.5,32.2,12.8,135,0.881,212,0.509,161,0.36,0.523,0.589,24.2,3.4,3.4,0.7,0,2.6,27.6,27.7,31,8.3,112.5,115.4
26,Stephen Curry,Gol,*,G,37,53,32.1,29.3,13.5,205,0.927,361,0.529,591,0.398,0.571,0.613,24.1,4.5,6.3,1.1,0.4,2.8,28.6,30.4,34.8,11,118.9,112.5
27,Zach LaVine,Chi,,G,30,42,34.1,26.6,14.6,182,0.797,405,0.56,305,0.446,0.607,0.637,24,4.8,4.5,0.9,0.2,2.9,28.8,28.5,33.3,9.4,114.8,117.2
28,Tyler Herro,Mia,*,G,25.1,58,35.6,28.2,12.7,251,0.865,487,0.561,561,0.371,0.558,0.599,23.9,5.4,5.7,0.8,0.2,2.6,29.3,29.6,35,10.1,115.5,113.2
29,Norman Powell,Lac,*,G,31.8,46,33,27.3,10.8,223,0.821,413,0.554,356,0.424,0.592,0.631,23.8,3.5,2.2,1.3,0.2,2,27.3,26,29.5,6.9,118,109.9
30,Joel Embiid,Phi,*,C-F,31,19,30.2,34.6,16.4,169,0.882,238,0.492,77,0.299,0.481,0.58,23.8,8.2,4.5,0.7,0.9,3.3,31.9,28.3,36.4,12.7,113.7,110.8
31,Trae Young,Atl,*,G,26.5,58,36.3,29.4,21,418,0.864,550,0.471,500,0.328,0.481,0.556,23.6,3.1,11.5,1.2,0.2,4.8,26.7,35.2,38.2,10.4,111,115.6
32,Jaylen Brown,Bos,*,G-F,28.4,51,35.1,29.3,12.8,273,0.758,639,0.531,303,0.327,0.518,0.556,23.2,6,4.7,1.2,0.3,2.7,29.2,27.9,33.9,9.9,112,106.7
33,Luka Doncic,Lal,*,F-G,26,9,32,34.8,17.7,71,0.718,79,0.506,83,0.301,0.478,0.533,22.9,8.2,7.7,1.7,0.6,3.9,31.1,30.6,38.8,14.1,106.9,103.9
34,Jaren Jackson Jr.,Mem,*,F-C,25.5,59,29.4,28.8,11.6,342,0.772,668,0.557,304,0.365,0.554,0.597,22.7,5.8,2.1,1.3,1.6,2.2,28.6,24.9,30.7,8.9,116.1,104.1
35,Zach LaVine,Sac,*,G,30,11,35.6,24.7,14.3,40,0.9,99,0.586,80,0.4,0.592,0.631,22.5,3.9,4,1,0.1,2.7,26.5,26.5,30.5,7.9,115.8,116.1
36,Brandon Ingram,Nor,*,F,27.5,18,33.1,30.1,17.1,55,0.855,218,0.514,115,0.374,0.53,0.56,22.2,5.6,5.2,0.9,0.6,3.8,27.8,27.4,32.9,10.4,103.5,115.4
37,DeMar DeRozan,Sac,*,G-F,35.6,55,35.8,24.1,7.5,304,0.875,742,0.519,163,0.35,0.52,0.581,21.9,3.9,3.9,1,0.4,1.3,25.8,25.8,29.7,7.7,120.8,114.3
38,Trey Murphy III,Nor,*,F,24.7,46,35.6,23.7,10.6,204,0.887,349,0.55,395,0.367,0.55,0.6,21.7,5.2,3.8,1.2,0.7,1.9,26.9,25.6,30.7,8.5,118.9,117.3
39,RJ Barrett,Tor,*,F-G,24.7,49,33.3,28.5,14.8,270,0.648,578,0.529,258,0.357,0.531,0.557,21.7,6.4,5.7,0.8,0.3,3,28.1,27.4,33.8,11.1,108.3,112.1
40,CJ McCollum,Nor,*,G,33.5,47,33.1,27.1,9.1,152,0.73,461,0.516,387,0.372,0.535,0.557,21.7,3.7,3.9,0.7,0.5,1.8,25.4,25.6,29.4,8.2,111.6,117.9
41,James Harden,Lac,*,G,35.5,58,34.7,29.6,21.8,404,0.879,448,0.444,494,0.336,0.476,0.559,21.6,5.8,8.6,1.5,0.6,4.5,27.4,30.2,36,11.8,109,107.6
42,Jalen Williams,Okc,*,G-F,23.9,58,32.8,27.2,11.4,236,0.784,696,0.527,294,0.364,0.533,0.567,21.4,5.5,5.2,1.7,0.7,2.2,26.8,26.6,32,10.4,114.6,103.8
43,Jalen Green,Hou,*,G,23.1,62,33.2,27.3,12.8,248,0.827,589,0.489,510,0.357,0.51,0.549,21.4,4.4,3.1,0.8,0.3,2.6,25.8,24.5,28.9,8,109.1,110.3
44,Jamal Murray,Den,*,G,28,54,36,24.1,11.7,186,0.871,587,0.516,321,0.402,0.547,0.583,21.4,3.8,6,1.4,0.5,2.2,25.2,27.4,31.2,8.7,117.8,114.1
45,Darius Garland,Cle,*,G,25.1,57,30.3,27.6,13.3,198,0.869,497,0.531,399,0.421,0.576,0.612,21.1,2.5,6.7,1.1,0.2,2.4,23.7,27.8,30.4,9.3,123,110.3
46,Kai Jones,Dal,*,C-F,24.1,1,33.7,16.2,8.8,4,0.75,10,0.9,0,0,0.9,0.893,21,8,0,0,1,1,29,21,29,0,160.6,112.5
47,Brandon Miller,Cha,*,F,22.3,27,34.2,27.5,13.4,79,0.861,198,0.475,293,0.355,0.509,0.54,21,4.9,3.6,1.1,0.7,2.8,25.9,24.7,29.5,8.4,104.3,110.9
48,Jordan Poole,Was,*,G,25.7,51,31.3,28.9,16.7,226,0.876,354,0.486,478,0.37,0.526,0.576,21,3.3,4.8,1.4,0.5,3.3,24.3,25.8,29.1,8.9,107,112.9
49,Ja Morant,Mem,*,G,25.6,37,29.4,31.3,19.1,230,0.835,419,0.499,188,0.287,0.478,0.545,20.9,4.1,7.4,1.2,0.3,3.9,24.9,28.3,32.4,11.7,109.2,110
50,Pascal Siakam,Ind,*,F,30.9,60,32.9,24.1,7.9,245,0.743,654,0.567,256,0.402,0.577,0.606,20.6,7.2,3.3,0.9,0.5,1.3,27.8,23.8,31,9.6,122,110.4
51,Miles Bridges,Cha,*,F,27,46,32.1,27.4,11.4,174,0.874,462,0.506,318,0.324,0.498,0.542,20.2,7.8,3.7,0.8,0.7,2.2,28,23.9,31.7,10.4,109.6,112.1
52,Scottie Barnes,Tor,*,F-G,23.6,48,34.5,26.4,14.9,217,0.779,570,0.523,228,0.268,0.488,0.531,19.8,7.8,6.1,1.5,1.1,2.9,27.5,25.9,33.7,11.4,107.6,112.3
53,Domantas Sabonis,Sac,*,F-C,28.8,56,35.2,21.4,18.8,237,0.747,589,0.633,132,0.432,0.636,0.663,19.5,14.1,6.2,0.6,0.4,3,33.7,25.7,39.8,13.6,128.2,104.5
54,Lauri Markkanen,Uta,*,F-C,27.8,43,32.1,23.8,8.4,179,0.872,281,0.527,363,0.347,0.523,0.574,19.3,6.1,1.6,0.8,0.4,1.4,25.4,20.9,27,7.1,116.7,117.3
55,De'Aaron Fox,San,*,G,27.2,13,34,26,13,57,0.807,141,0.525,72,0.264,0.481,0.527,19.3,4.2,6.6,1.8,0.4,2.5,23.5,25.9,30.1,9.6,108.5,110.9
56,Alperen Sengun,Hou,*,C,22.6,58,31.2,26.7,14.2,325,0.692,808,0.517,79,0.228,0.502,0.541,19.2,10.5,4.8,1.1,0.8,2.5,29.8,24.1,34.6,12.7,114.3,101.7
57,Austin Reaves,Lal,*,G,26.8,53,34.3,23.4,15.1,264,0.867,350,0.537,373,0.362,0.54,0.602,19.1,4.2,6,1.1,0.3,2.4,23.3,25,29.3,9.1,119.5,111.5
58,Nikola Vucevic,Chi,*,C,34.4,56,32.1,22.5,10.5,120,0.817,564,0.599,256,0.387,0.593,0.614,19.1,10.3,3.4,0.9,0.7,1.7,29.4,22.5,32.8,10.9,120.5,110.6
59,De'Andre Hunter,Atl,,F-G,27.3,37,28.7,24.1,10.7,176,0.858,245,0.531,247,0.393,0.56,0.616,19,3.9,1.5,0.8,0.1,1.6,22.9,20.5,24.4,6.7,116.7,112
60,Anfernee Simons,Por,*,G,25.7,58,32.5,24.6,12,163,0.902,433,0.485,479,0.372,0.523,0.56,19,2.8,4.9,0.8,0.1,2.1,21.7,23.9,26.7,7.9,114,116.6
61,Jalen Johnson,Atl,*,F,23.2,36,35.7,22.4,16.3,126,0.746,402,0.565,141,0.312,0.54,0.568,18.9,10,5,1.6,1,2.9,28.9,23.9,33.9,11,109,111.1
62,Kristaps Porzingis,Bos,*,F-C,29.6,32,28.9,25.3,8,144,0.813,244,0.529,191,0.403,0.562,0.608,18.9,6.8,1.9,0.8,1.6,1.2,25.7,20.9,27.7,8.7,122.9,102.5
63,Cameron Johnson,Bro,*,F,29,46,31.7,22.7,11.3,177,0.898,261,0.571,342,0.398,0.585,0.635,18.8,4.1,2.9,0.9,0.5,1.7,22.9,21.7,25.8,7.7,122.5,114.7
64,Julius Randle,Min,*,F-C,30.3,50,32.5,25.3,17,257,0.817,467,0.548,229,0.319,0.525,0.582,18.8,7.2,4.4,0.7,0.2,2.9,26,23.3,30.4,10.4,114.2,106.8
65,Evan Mobley,Cle,*,C,23.7,54,30,23.4,13.5,232,0.754,525,0.627,158,0.367,0.609,0.641,18.6,9.3,3.1,0.8,1.6,2,27.9,21.7,31,10.8,125.1,105.1
66,Desmond Bane,Mem,*,G,26.7,49,31.2,23,15.8,147,0.884,400,0.57,286,0.378,0.569,0.606,18.6,6,5.5,1.2,0.4,2.6,24.5,24.1,30.1,10.9,118.6,108.3
67,John Collins,Uta,*,F-C,27.4,38,30.5,23.8,17,155,0.852,355,0.575,134,0.418,0.589,0.635,18.6,8.2,2.1,1,1.1,2.6,26.8,20.7,28.8,9,115.8,110.6
68,Tyrese Haliburton,Ind,*,G,25,59,34,21.5,11.1,173,0.861,355,0.569,462,0.39,0.578,0.612,18.5,3.5,8.9,1.5,0.6,1.7,22,27.4,30.9,9.8,128.6,116.4
69,Michael Porter Jr.,Den,*,F,26.7,58,33.4,20.5,8.9,146,0.747,432,0.593,368,0.41,0.603,0.621,18.5,6.8,2.2,0.6,0.4,1.3,25.3,20.7,27.5,7.8,122.3,113.4
70,Coby White,Chi,*,G,25,55,32.8,23.3,13.9,181,0.901,347,0.516,451,0.364,0.533,0.577,18.4,3.4,4.6,1,0.2,2.3,21.8,23,26.4,8.1,110.4,115.8
71,Dennis Schroder,Bro,,G,31.5,23,33.6,23.7,15.3,81,0.889,175,0.509,150,0.387,0.542,0.588,18.4,3,6.6,1.1,0.2,2.6,21.4,25,28,8.5,116.2,113
72,Collin Sexton,Uta,*,G,26.2,48,28.1,26.3,15.4,187,0.898,429,0.51,218,0.408,0.545,0.599,18.2,2.8,4,0.7,0.1,2.5,21,22.2,25,8.4,116,117.1
73,Kawhi Leonard,Lac,*,F,33.7,20,28.5,28.2,12.3,50,0.78,209,0.507,98,0.378,0.526,0.55,18.1,5,2.7,1.2,0.5,2.2,23.1,20.8,25.8,8.8,105.1,109.2
74,Andrew Wiggins,Mia,*,F,30,6,35.3,25,15.6,39,0.821,48,0.438,38,0.289,0.436,0.519,17.8,4.8,3.3,1.2,1,2.7,22.7,21.2,26,7.4,103.3,112.8
75,Quentin Grimes,Phi,*,G,24.8,11,32.7,21.2,11.2,29,0.655,75,0.653,68,0.382,0.615,0.626,17.7,5.3,3.3,1.2,0.5,1.6,23,21,26.3,8.3,120.6,114.2
76,Jaden Ivey,Det,*,G,23.1,30,29.9,26,17.7,116,0.733,259,0.49,154,0.409,0.536,0.569,17.6,4.1,4,0.9,0.4,3,21.7,21.6,25.7,8.8,107.3,110.2
77,Malik Monk,Sac,*,G,27.1,52,32.5,24,13.6,142,0.88,416,0.541,352,0.324,0.516,0.552,17.6,3.8,5.9,1,0.6,2.3,21.5,23.5,27.4,9,111.7,110.9
78,Andrew Wiggins,Gol,,F,30,43,30.1,23.3,8.7,179,0.777,340,0.491,248,0.379,0.524,0.566,17.6,4.6,2.3,0.9,0.8,1.3,22.1,19.9,24.5,7.6,115.5,111.8
79,Bradley Beal,Pho,*,G,31.7,43,32.6,22.6,13.2,114,0.816,368,0.557,210,0.405,0.575,0.603,17.6,3.6,3.6,1.1,0.6,2,21.2,21.2,24.8,7.5,113.4,114.5
80,Shaedon Sharpe,Por,*,G,21.8,54,30.1,24.8,11.4,167,0.796,454,0.542,334,0.32,0.516,0.549,17.5,3.9,2.6,0.8,0.3,1.9,21.5,20.1,24.1,7.5,109.1,115.3
81,Dejounte Murray,Nor,*,G,28.5,31,32.7,27.2,17.5,124,0.823,320,0.444,174,0.299,0.445,0.494,17.5,6.5,7.4,2,0.4,3.4,23.9,24.8,31.3,11.5,101.1,113.9
82,Mikal Bridges,Nyk,*,G-F,28.5,61,37.7,19.2,9,66,0.727,517,0.59,382,0.351,0.563,0.571,17.4,3.1,3.4,0.9,0.6,1.5,20.5,20.8,23.9,6,114.7,117.2
83,Bam Adebayo,Mia,*,C-F,27.6,58,34.2,23,13.5,236,0.737,651,0.528,149,0.302,0.514,0.552,17.2,9.9,4.3,1.2,0.7,2.2,27.1,21.5,31.5,10.5,113.3,106.8
84,Jimmy Butler,Mia,,F,35.5,25,30.6,21.1,10.2,161,0.801,227,0.568,36,0.361,0.565,0.638,17,5.2,4.8,1.1,0.4,1.2,22.3,21.8,27.1,9.8,135.7,114.3
85,Jonathan Kuminga,Gol,*,F,22.4,32,26,27.6,10.6,169,0.639,307,0.502,116,0.345,0.506,0.539,16.8,5,2.2,0.9,0.6,1.6,21.7,18.9,23.9,8.8,107.8,108.3
86,Caris LeVert,Atl,*,G,30.5,10,28.3,20.9,6,27,0.778,70,0.643,55,0.345,0.588,0.614,16.8,4.1,2.6,1.1,0.4,0.8,20.9,19.4,23.5,8,123.9,111.5
87,Keyonte George,Uta,*,G,21.3,51,31.4,24.2,17,202,0.802,305,0.459,390,0.349,0.495,0.542,16.7,3.7,5.9,0.7,0.2,2.8,20.4,22.6,26.3,9.1,109.4,118.7
88,Malik Beasley,Det,*,G,28.3,62,27.4,22.8,7.2,101,0.663,227,0.493,586,0.422,0.593,0.602,16.6,2.8,1.7,1,0,1,19.5,18.4,21.2,6.3,117.6,112.6
89,Jordan Clarkson,Uta,*,G,32.7,32,26.6,27.5,13,118,0.805,234,0.444,207,0.367,0.494,0.539,16.6,3.2,3.9,0.8,0.3,2.1,19.8,20.5,23.7,8.9,109.4,117.8
90,Immanuel Quickley,Tor,*,G,25.7,23,28.4,24.4,12.4,91,0.857,151,0.464,144,0.375,0.512,0.567,16.5,3.2,5.5,0.5,0.1,1.8,19.7,22,25.2,9.3,116.5,114.9
91,O.G. Anunoby,Nyk,*,F-G,27.6,55,36.5,18.2,9.3,137,0.796,384,0.57,325,0.366,0.561,0.588,16.4,4.7,2.1,1.4,0.9,1.3,21.1,18.5,23.2,6,117.1,112.8
92,Derrick White,Bos,*,G,30.7,58,33.7,19.3,11.4,120,0.842,208,0.582,513,0.392,0.586,0.611,16.3,4.3,4.3,0.9,1,1.6,20.6,20.6,24.9,8,122.9,110
93,Jimmy Butler,Gol,*,F,35.5,10,30.6,21.1,9.9,75,0.867,89,0.517,20,0.1,0.45,0.574,16.3,5.3,5.3,1.1,0.3,1.2,21.6,21.6,26.9,10.1,130.7,113.3
94,Bennedict Mathurin,Ind,*,G-F,22.7,55,30.8,22,13.5,225,0.827,436,0.541,223,0.345,0.533,0.586,16.2,5.5,1.9,0.6,0.4,1.9,21.6,18,23.5,7.2,110.6,112
95,Jalen Suggs,Orl,*,G,23.8,35,28.6,27.4,17.5,110,0.882,239,0.506,242,0.314,0.489,0.536,16.2,4,3.7,1.5,0.9,2.9,20.2,19.9,23.9,8.7,100.7,102.9
96,Paul George,Phi,*,F,34.8,41,32.5,23.7,15.7,97,0.814,302,0.493,268,0.358,0.514,0.543,16.2,5.3,4.3,1.8,0.5,2.6,21.6,20.6,25.9,8.8,104.1,110.6
97,Devin Vassell,San,*,G-F,24.5,45,30.4,22.7,9.3,88,0.773,338,0.512,287,0.348,0.517,0.538,15.9,3.7,2.9,1.2,0.5,1.4,19.6,18.7,22.4,7.3,106.4,114.7
98,Ivica Zubac,Lac,*,C,28,59,32.2,18.9,13,168,0.643,660,0.623,0,0,0.623,0.634,15.8,12.5,2.5,0.8,1.2,1.7,28.3,18.3,30.8,9.8,125.6,104.5
99,Mark Williams,Cha,*,C,23.2,29,25.8,22.3,10.3,122,0.787,305,0.584,1,0,0.582,0.628,15.6,9.9,2.3,0.7,1.2,1.2,25.5,17.9,27.8,11,128.3,104.3
100,Myles Turner,Ind,*,C-F,28.9,53,30.8,20.7,13.6,162,0.765,319,0.536,292,0.408,0.572,0.603,15.5,6.5,1.6,0.8,1.9,1.8,22,17.2,23.6,7.1,110.6,108.9
101,Jared McCain,Phi,*,G,21,23,25.7,24.9,11.9,56,0.875,141,0.532,133,0.383,0.553,0.589,15.3,2.4,2.6,0.7,0,1.6,17.7,17.9,20.3,7.1,113.1,116.3
102,Kyle Kuzma,Was,,F,29.6,32,27.7,27,13.8,98,0.602,295,0.495,160,0.281,0.469,0.488,15.2,5.8,2.5,0.6,0.2,2.3,21,17.7,23.4,8.7,92.9,116.2
103,Christian Braun,Den,*,G,23.9,60,33.3,15.9,8.3,167,0.832,460,0.646,161,0.36,0.618,0.653,15.1,5.2,2.2,1.2,0.5,0.9,20.3,17.3,22.5,6.7,130.7,112.1
104,Kelly Oubre Jr.,Phi,*,F-G,29.2,57,35.1,18.8,9.9,172,0.756,469,0.561,233,0.292,0.52,0.553,15.1,6.2,1.8,1.5,0.5,1.4,21.3,16.8,23.1,6.3,111.2,110.9
105,Chet Holmgren,Okc,*,C-F,22.8,18,26.3,23.3,15.9,78,0.756,126,0.563,64,0.359,0.555,0.602,15,8.5,1.9,0.9,2.7,2,23.5,16.9,25.4,9.5,114.3,100.3
106,Kyle Kuzma,Mil,*,F,29.6,11,34.2,21.2,15.3,47,0.681,88,0.5,50,0.3,0.482,0.52,15,7.7,2.6,0.5,0.3,2.3,22.7,17.6,25.4,7.8,98.9,108.6
107,Naz Reid,Min,*,C-F,25.5,62,27.8,21.8,9.9,123,0.797,371,0.536,363,0.391,0.561,0.585,14.9,6.1,2.2,0.8,0.9,1.3,21,17,23.1,8.4,115.6,104.6
108,De'Andre Hunter,Cle,*,F-G,27.3,9,25.8,18.9,7.8,32,0.844,38,0.421,44,0.568,0.652,0.697,14.9,4.2,0.8,0.3,0.3,0.8,19.1,15.7,19.9,5.7,133.2,106.9
109,Deni Avdija,Por,*,F,24.2,58,28.7,22.1,18.8,277,0.769,366,0.546,247,0.332,0.527,0.584,14.8,6.4,3.6,0.9,0.5,2.4,21.2,18.4,24.8,9.7,112.5,109.1
110,Gradey Dick,Tor,*,G-F,21.3,54,29.4,21.3,11.4,155,0.858,321,0.47,326,0.35,0.498,0.543,14.4,3.6,1.8,0.9,0.2,1.5,18,16.2,19.8,6.2,106.1,114
111,Deandre Ayton,Por,*,C,26.6,40,30.1,19.6,12.8,60,0.667,436,0.594,32,0.188,0.573,0.583,14.4,10.2,1.6,0.8,1,1.7,24.6,16,26.2,8.2,113.7,108.9
112,Josh Hart,Nyk,*,G,30,58,37.7,15.4,16.9,165,0.806,402,0.649,183,0.328,0.6,0.635,14.4,9.6,5.7,1.4,0.4,2.1,24,20.1,29.7,9.8,127.7,108.7
113,Fred VanVleet,Hou,*,G,31,46,35.5,17.9,10.7,101,0.832,239,0.448,356,0.34,0.485,0.517,14.4,3.9,5.8,1.6,0.4,1.5,18.3,20.2,24.1,7.8,116,107.8
114,Jerami Grant,Por,*,F,31,45,32.5,19.6,10.1,159,0.843,273,0.381,279,0.366,0.466,0.521,14.4,3.5,2.2,0.9,1,1.4,17.9,16.6,20.1,5.9,108.2,114
115,Tre Mann,Cha,*,G,24.1,13,24.5,25.9,13.4,21,0.905,101,0.455,60,0.4,0.509,0.537,14.1,2.9,3,0.5,0.3,1.9,17,17.1,20,8.1,105.6,113.1
116,Jakob Poeltl,Tor,*,C,29.4,49,30.3,18.3,15.6,131,0.672,490,0.614,2,0,0.612,0.628,14.1,9.8,2.8,1.2,1.2,1.9,23.9,16.9,26.7,9.6,120.9,105.9
117,Dyson Daniels,Atl,*,G,22,57,34,18,13.2,112,0.589,515,0.528,182,0.341,0.524,0.533,14,5.6,4.1,3,0.8,1.9,19.6,18,23.6,8.1,108.1,109.1
118,P.J. Washington,Dal,*,F,26.5,47,32.2,19.8,13.9,150,0.74,348,0.466,198,0.374,0.5,0.537,14,8.1,2.3,1.2,1.1,1.9,22.1,16.3,24.4,7.9,106.5,108
119,Amen Thompson,Hou,*,G-F,22.1,58,32.4,17.3,17.3,222,0.703,499,0.589,76,0.263,0.563,0.598,13.9,8.3,3.5,1.4,1.3,2.1,22.1,17.4,25.7,9.1,119.1,105.1
120,Payton Pritchard,Bos,*,G,27.1,60,27.9,18.5,8.8,62,0.839,159,0.635,464,0.416,0.627,0.64,13.9,3.7,3.4,0.9,0.2,1,17.6,17.3,21,8,131.2,110.1
121,Tobias Harris,Det,*,F,32.6,59,32,17.6,9.2,131,0.878,443,0.54,219,0.338,0.529,0.566,13.8,5.9,2.3,0.9,0.8,1.1,19.7,16.1,22,7.2,115.4,110.3
122,Klay Thompson,Dal,*,G,35.1,54,27.2,21.5,10.2,50,0.88,228,0.443,416,0.401,0.546,0.561,13.8,3.5,2,0.8,0.5,1.4,17.3,15.8,19.3,6.7,108.8,114.8
123,D'Angelo Russell,Bro,*,G,29,18,24.1,27.3,16,62,0.887,90,0.467,115,0.313,0.468,0.532,13.7,2.7,5.7,1.2,0.8,2.2,16.4,19.4,22.1,9.9,110.7,110.2
124,Jarrett Allen,Cle,*,C,26.9,61,28.5,15.6,13.1,197,0.746,476,0.716,3,0,0.712,0.733,13.6,10.3,2,0.9,0.9,1.2,23.9,15.6,25.9,9.2,143,105.7
125,Dillon Brooks,Hou,*,G-F,29.1,58,32.1,17.3,7.9,99,0.818,325,0.437,358,0.388,0.513,0.538,13.5,3.9,1.6,0.8,0.2,1,17.4,15.1,19,5.5,114,105.1
126,Bobby Portis,Mil,*,F,30.1,47,24.7,24.1,9.1,67,0.821,392,0.505,165,0.364,0.517,0.538,13.4,8.1,2.2,0.7,0.5,1.2,21.6,15.6,23.7,10,110,104.6
127,Rui Hachimura,Lal,*,F,27.1,50,32.1,16.1,8.1,98,0.765,295,0.573,205,0.41,0.59,0.612,13.3,5.2,1.5,0.8,0.5,0.9,18.5,14.8,20,5.9,122,111.6
128,Zach Collins,Chi,*,F-C,27.3,8,26,18.5,12.1,23,0.87,47,0.723,25,0.24,0.597,0.645,13.3,8.5,2.6,1.1,0.5,1.3,21.8,15.9,24.4,10.2,132.5,109.3
129,Georges Niang,Atl,*,F,31.7,9,27.3,18.4,4.7,11,0.818,33,0.455,68,0.397,0.55,0.567,13.3,4.6,1.9,0.6,0.4,0.6,17.9,15.2,19.8,7.2,116.6,109.2
130,Stephon Castle,San,*,G,20.3,59,25.4,24.9,14.7,209,0.718,435,0.497,234,0.282,0.471,0.513,13.2,3.1,3.5,0.9,0.2,1.9,16.3,16.7,19.8,8.2,103,113.3
131,Josh Giddey,Chi,*,G,22.4,57,29.4,20.7,20.3,147,0.776,386,0.503,225,0.373,0.524,0.558,13.2,7.5,6.6,1.1,0.6,2.7,20.7,19.8,27.3,11.8,112.6,113.3
132,Max Christie,Dal,*,G,22.1,12,32.3,16.7,12.8,26,0.846,67,0.478,55,0.418,0.545,0.581,12.9,4.3,3.5,1,0.4,1.5,17.2,16.4,20.7,7.2,115.6,113.8
133,Moritz Wagner,Orl,*,F-C,27.9,30,18.8,26.7,16.4,110,0.718,174,0.649,75,0.36,0.616,0.649,12.9,4.9,1.4,0.8,0.4,1.6,17.8,14.3,19.2,9.5,117.2,101.4
134,Aaron Gordon,Den,*,F,29.5,36,27,18.2,12.1,108,0.796,221,0.557,106,0.415,0.578,0.619,12.9,4.9,3.1,0.5,0.3,1.3,17.8,16,20.9,8.6,126,113.9
135,Santi Aldama,Mem,*,F-C,24.1,52,25.1,18.9,8.9,70,0.7,279,0.588,255,0.376,0.577,0.589,12.8,6.7,2.8,0.8,0.6,1,19.5,15.6,22.3,9.9,123.3,111
136,Malcolm Brogdon,Was,*,G,32.2,24,23.5,23.6,13.7,92,0.88,184,0.478,56,0.286,0.467,0.544,12.7,3.8,4.1,0.5,0.2,1.6,16.5,16.8,20.6,9.9,112.8,118.5
137,Brook Lopez,Mil,*,C,36.9,59,31.9,15.8,8.9,99,0.838,283,0.601,299,0.361,0.57,0.597,12.7,5.1,1.8,0.7,1.9,1,17.7,14.5,19.5,6.1,118.9,109.9
138,Russell Westbrook,Den,*,G,36.3,54,27.5,22.7,22.8,164,0.634,367,0.534,194,0.325,0.518,0.541,12.7,4.9,6.2,1.4,0.5,3.1,17.6,18.9,23.8,10.6,106.3,108.1
139,Khris Middleton,Mil,,F,33.6,23,23.2,21.8,14.9,46,0.848,125,0.584,86,0.407,0.595,0.627,12.6,3.7,4.4,0.7,0.2,1.6,16.3,17,20.7,10.2,121,105.1
140,Scoot Henderson,Por,*,G,21.1,54,26.5,21.9,20.7,165,0.776,305,0.479,232,0.366,0.509,0.554,12.5,3,5.3,1.2,0.2,2.6,15.5,17.8,20.8,8.8,109.1,109.6
141,Onyeka Okongwu,Atl,*,F-C,24.2,55,26.2,17.2,11.1,155,0.723,390,0.638,89,0.281,0.598,0.626,12.5,8.2,2.2,0.8,0.9,1.1,20.7,14.7,22.9,9.3,127.6,108.2
142,Bilal Coulibaly,Was,*,G,20.6,56,33.4,17.8,16.6,178,0.747,378,0.5,220,0.277,0.469,0.513,12.4,4.9,3.5,1.3,0.7,2.1,17.3,15.9,20.8,7.1,102.4,116.1
143,Keegan Murray,Sac,*,F,24.5,57,34.6,14.9,7.4,63,0.825,285,0.565,327,0.336,0.533,0.55,12.4,6.9,1.5,0.8,0.8,0.9,19.2,13.8,20.7,5.8,115.4,111.1
144,D'Angelo Russell,Lal,,G,29,29,26.3,22.1,13.8,53,0.849,143,0.51,168,0.333,0.505,0.537,12.4,2.8,4.7,0.8,0.1,1.7,15.1,17,19.8,8.3,109.2,110.6
145,Ayo Dosunmu,Chi,*,G,25.1,46,30.3,16.6,13.3,79,0.785,260,0.612,189,0.328,0.561,0.585,12.3,3.5,4.5,0.9,0.4,1.5,15.8,16.8,20.3,7.6,116.8,114.6
146,Jaden McDaniels,Min,*,F,24.4,63,32.5,16.1,10.2,108,0.833,396,0.558,243,0.329,0.534,0.562,12.3,5.9,1.9,1.5,0.9,1.2,18.1,14.2,20,6.4,114.7,104.9
147,Daniel Gafford,Dal,*,F-C,26.4,51,21.9,19.2,14.4,173,0.699,362,0.699,0,0,0.699,0.716,12.3,6.9,1.4,0.4,1.9,1.2,19.2,13.7,20.6,9,136.7,104.1
148,Keldon Johnson,San,*,F-G,25.4,57,23.6,21,8.8,144,0.757,348,0.566,200,0.32,0.535,0.568,12.2,4.5,1.5,0.6,0.2,0.9,16.7,13.7,18.2,7.4,114.4,112.9
149,Ty Jerome,Cle,*,G-F,27.7,57,19.6,23.1,13,117,0.897,281,0.562,202,0.441,0.604,0.644,12.1,2.6,3.4,1.2,0,1.3,14.6,15.4,18,9.7,128.2,106.7
150,Daeqwon Plowden,Atl,*,G-F,26.5,2,16.4,14.8,8.7,2,1,2,1,8,0.75,1.1,1.103,12,2.5,0,0,0,0.5,14.5,12,14.5,0,177.3,107.6
151,Kelly Olynyk,Nor,*,F-C,33.9,6,25.3,19.7,17.4,18,0.778,37,0.541,15,0.4,0.558,0.601,12,8.3,3.2,0.5,0.3,1.8,20.3,15.2,23.5,10.8,118.7,108.8
152,Khris Middleton,Was,*,F,33.6,5,24.2,21.2,18.7,19,0.842,27,0.593,16,0.25,0.512,0.584,12,4,4.2,1.6,0.4,2,16,16.2,20.2,9.7,112.4,109.9
153,Moses Brown,Dal,*,C,25.4,4,18.3,21.5,14.5,6,0.833,29,0.724,0,0,0.724,0.743,11.8,7.8,0.5,1,0.8,1.3,19.5,12.3,20,7.8,129.9,95
154,Terry Rozier,Mia,*,G,31,52,27.5,20.8,11,98,0.857,296,0.497,261,0.299,0.474,0.51,11.8,3.9,2.8,0.6,0.3,1.3,15.7,14.6,18.5,7.3,104.1,112.5
155,Tari Eason,Hou,*,F,23.8,40,24.4,19,10,77,0.753,255,0.545,122,0.361,0.544,0.57,11.7,6.4,1.3,1.9,0.9,1.1,18.1,13,19.4,7.5,118.3,100
156,Corey Kispert,Was,*,F,26,55,26.5,17.6,10.7,72,0.861,218,0.569,301,0.372,0.563,0.587,11.7,3,1.7,0.5,0.2,1.1,14.8,13.4,16.4,5.9,111.4,118.9
157,Alexandre Sarr,Was,*,C,19.9,45,26.8,21.1,10.8,97,0.629,287,0.449,216,0.31,0.456,0.476,11.6,6.5,2.2,0.7,1.5,1.4,18,13.8,20.3,8.2,99.4,112.9
158,Zaccharie Risacher,Atl,*,F,19.9,55,24.3,20.3,10.4,116,0.707,314,0.503,235,0.34,0.506,0.532,11.6,3.6,1.3,0.8,0.5,1.2,15.2,12.9,16.5,6.2,105.1,112.5
159,Buddy Hield,Gol,*,G,32.2,62,23.4,20.9,10.6,49,0.816,196,0.526,431,0.367,0.542,0.555,11.6,3.3,1.6,0.9,0.3,1.2,14.9,13.3,16.5,6.7,106.4,108.8
160,Walker Kessler,Uta,*,C,23.6,47,30.4,13.1,17.6,126,0.548,316,0.734,7,0.286,0.728,0.712,11.5,12.1,1.6,0.6,2.3,1.5,23.5,13.1,25.1,8,133.9,112.1
161,Jabari Smith Jr.,Hou,*,F,21.8,40,31,15.4,9.6,87,0.839,196,0.485,190,0.347,0.503,0.543,11.5,6.7,1,0.3,0.9,1,18.3,12.5,19.2,5.5,114.5,107.1
162,Jonas Valanciunas,Was,,C,32.8,49,20,23.7,17.2,106,0.896,395,0.567,27,0.259,0.556,0.602,11.5,8.2,2.2,0.4,0.6,1.8,19.8,13.7,22,11.8,114.8,108.2
163,Jaylen Wells,Mem,*,F,21.5,61,26.1,16.2,9.3,104,0.827,239,0.54,307,0.381,0.558,0.587,11.4,3.2,1.7,0.6,0.1,0.9,14.6,13.1,16.3,6.1,120.1,112.3
164,Aaron Wiggins,Okc,*,G,26.2,61,22.4,19.4,9,60,0.833,288,0.59,257,0.397,0.593,0.609,11.4,3.8,1.6,0.8,0.3,0.9,15.2,13,16.8,7.3,120.7,107.2
165,Harrison Barnes,San,*,F,32.8,60,27.4,15,6.6,146,0.795,239,0.561,240,0.417,0.593,0.63,11.4,3.9,1.8,0.3,0.2,0.6,15.3,13.2,17.1,6.3,129.6,118.4
166,Jeremy Sochan,San,*,F,21.8,41,25.6,18.3,15.8,91,0.703,282,0.599,63,0.333,0.581,0.604,11.3,6.9,2.5,0.9,0.6,1.6,18.2,13.9,20.8,9.1,117.7,108
167,Donte DiVincenzo,Min,*,G,28.1,44,26.3,19.1,14.7,50,0.82,101,0.446,315,0.387,0.548,0.567,11.3,3.7,3.8,1.3,0.2,1.6,15,15,18.8,8.2,112.3,107.9
168,Jalen Duren,Det,*,C,21.3,59,25.8,15.9,21.8,166,0.693,390,0.703,0,0,0.703,0.716,11.2,10.3,2.6,0.7,1.2,1.8,21.6,13.8,24.2,10.4,131.7,99.9
169,Naji Marshall,Dal,*,F,27.1,49,25.1,18.8,14,89,0.854,282,0.606,149,0.282,0.543,0.579,11.1,4.1,2.7,1,0.1,1.4,15.2,13.8,17.9,7.9,114.2,111.9
170,Duncan Robinson,Mia,*,F,30.9,57,24.5,19.1,11.5,40,0.9,146,0.562,371,0.383,0.571,0.585,11,2.4,2.7,0.5,0.1,1.2,13.4,13.6,16.1,6.8,111.8,110.1
171,Rudy Gobert,Min,*,C,32.7,55,33.3,12.3,17.2,197,0.68,360,0.653,0,0,0.653,0.676,11,10.4,1.8,0.7,1.5,1.4,21.4,12.8,23.2,7.1,133.2,105.8
172,Jordan Hawkins,Nor,*,G,22.9,44,23.3,21.2,8.7,77,0.831,185,0.432,256,0.332,0.471,0.504,10.9,2.6,1.2,0.6,0.4,1,13.5,12.1,14.7,5.6,101.3,121.7
173,Isaiah Hartenstein,Okc,*,C-F,26.8,41,28.2,16.5,17.7,87,0.655,326,0.595,14,0,0.571,0.588,10.9,11.2,4,0.8,1.1,1.8,22.1,14.9,26.1,11.2,122.2,96.1
174,Bogdan Bogdanovic,Lac,*,G,32.5,9,26.2,20,11.3,7,0.571,33,0.515,61,0.328,0.5,0.505,10.9,2,3.1,0.8,0.1,1.3,12.9,14,16,6.2,102.6,104.8
175,Guerschon Yabusele,Phi,*,F,29.2,57,26.6,16.3,13.8,105,0.743,224,0.616,220,0.4,0.608,0.63,10.8,5.5,2,0.8,0.4,1.2,16.4,12.8,18.3,7.4,122.7,110.8
176,Jrue Holiday,Bos,*,G,34.7,47,30.1,16,13,60,0.9,190,0.558,237,0.342,0.533,0.561,10.8,4.3,3.7,1,0.4,1.4,15.1,14.5,18.8,7.4,117.3,109.7
177,Toumani Camara,Por,*,F,24.8,60,32.7,13.8,15,93,0.763,271,0.546,245,0.376,0.554,0.577,10.7,6,2.1,1.5,0.6,1.5,16.7,12.8,18.8,6.3,115.2,109.7
178,Nikola Jovic,Mia,*,F,21.7,46,25.1,18.3,13.7,87,0.828,168,0.56,210,0.371,0.558,0.593,10.7,3.9,2.8,0.8,0.3,1.3,14.7,13.6,17.5,7.8,115,108.8
179,Brandon Boston Jr.,Nor,*,G,23.3,42,23.6,19.9,12,85,0.788,241,0.485,140,0.35,0.5,0.535,10.7,3.2,2.2,1.3,0.2,1.2,13.9,12.9,16,7.2,107.2,115.2
180,Gary Trent Jr.,Mil,*,G,26.1,55,25.1,16.6,7.2,55,0.836,166,0.488,299,0.418,0.577,0.596,10.6,2.4,1.2,1,0.1,0.7,13,11.8,14.2,5,114.1,109.4
181,Kevin Huerter,Chi,*,G-F,26.5,8,24.7,19.1,8,7,0.714,24,0.292,56,0.393,0.5,0.512,10.6,2.4,2.4,1.1,0.1,0.9,13,13,15.4,6.4,105.3,114.4
182,Grayson Allen,Pho,*,G,29.4,50,24.8,16.9,12.1,84,0.821,98,0.49,285,0.428,0.603,0.632,10.6,3.3,2.1,0.9,0.3,1.1,13.9,12.7,16,6.8,119.6,115.6
183,Dennis Schroder,Gol,,G,31.5,24,26.2,21,16,39,0.744,136,0.419,115,0.322,0.448,0.474,10.6,2.3,4.4,1,0.1,2,12.9,15,17.3,7.3,98.4,106.3
184,Tim Hardaway Jr.,Det,*,G-F,33,58,28.2,15,7.7,106,0.84,159,0.491,335,0.364,0.528,0.565,10.5,2.3,1.7,0.5,0.1,0.7,12.9,12.2,14.5,4.9,115.7,115.1
185,Grant Williams,Cha,*,F,26.3,16,29.9,14.8,18.5,37,0.838,49,0.551,74,0.365,0.549,0.596,10.4,5.1,2.3,1.1,0.8,1.8,15.5,12.7,17.8,6.6,112.1,108.1
186,Amir Coffey,Lac,*,G-F,27.7,59,25.8,15.2,8.7,119,0.908,227,0.533,215,0.409,0.572,0.621,10.4,2.4,1.2,0.6,0.1,0.7,12.8,11.6,14,4.8,122.7,110.1
187,Derrick Jones Jr.,Lac,*,F,28,57,24.9,16.6,10.3,79,0.747,299,0.602,160,0.356,0.578,0.597,10.4,3.5,0.8,1.2,0.4,0.9,13.9,11.2,14.7,4.9,115.8,106.6
188,Dorian Finney-Smith,Bro,,F,31.8,20,29,14.1,10.2,24,0.625,51,0.51,108,0.435,0.607,0.613,10.4,4.6,1.6,0.9,0.6,0.9,15,12,16.5,5.9,120.5,110.1
189,Tyus Jones,Pho,*,G,28.8,61,28.6,16,13.6,52,0.885,225,0.498,300,0.407,0.562,0.58,10.4,2.4,5.8,0.9,0.1,1.4,12.9,16.2,18.7,7.3,121.8,120.8
190,Brandin Podziemski,Gol,*,G,22,49,25.9,17.6,10.8,74,0.757,234,0.526,213,0.319,0.503,0.528,10.3,5,3.5,1.1,0.2,1.1,15.3,13.8,18.8,8.7,113.3,109.2
191,Herbert Jones,Nor,*,F,26.4,20,32.4,14.6,16.9,40,0.825,100,0.53,72,0.306,0.5,0.541,10.3,3.9,3.3,1.9,0.5,1.8,14.2,13.5,17.4,6.3,107.4,112.6
192,Obi Toppin,Ind,*,F,27,57,19.2,19.8,10.2,80,0.8,213,0.718,202,0.347,0.622,0.644,10.2,4.1,1.5,0.6,0.3,0.8,14.2,11.7,15.8,8.3,122.1,110.3
193,Quentin Grimes,Dal,,G,24.8,47,22.8,18.5,14.3,81,0.765,164,0.543,201,0.398,0.573,0.599,10.2,3.8,2.1,0.7,0.2,1.3,14,12.4,16.2,7.6,114.4,110.8
194,Nic Claxton,Bro,*,C,25.9,53,26.8,17.1,13.2,126,0.532,420,0.557,15,0.067,0.541,0.548,10.2,7.4,2.1,0.9,1.5,1.2,17.6,12.2,19.6,8.1,111.8,108.9
195,Andrew Nembhard,Ind,*,G-F,25.1,44,28.9,16.5,18.6,99,0.788,252,0.54,106,0.311,0.518,0.559,10.2,3.2,4.9,1.3,0.2,1.9,13.4,15.1,18.3,7.5,111.3,111.3
196,De'Anthony Melton,Gol,*,G,26.8,6,20.2,23.4,15.6,8,0.5,19,0.474,35,0.371,0.528,0.53,10.2,3.3,2.8,1.2,0.3,1.7,13.5,13,16.3,9,103.8,99.2
197,Caris LeVert,Cle,,G,30.5,38,23.8,18.1,14.6,83,0.699,150,0.5,148,0.405,0.554,0.58,10.2,2.8,3.7,0.9,0.5,1.3,13,13.9,16.7,7.9,118.5,110.8
198,Davion Mitchell,Mia,*,G,26.5,9,33.1,12.5,18.7,9,0.667,33,0.606,32,0.469,0.654,0.66,10.1,2,4.2,1.2,0.3,1.7,12.1,14.3,16.3,5.3,121.4,112.5
199,Keon Johnson,Bro,*,G,23,59,23.7,21.8,11.7,96,0.802,283,0.456,298,0.289,0.444,0.476,10.1,3.7,2,1.1,0.4,1.3,13.7,12,15.7,7.1,97.6,107.2
200,Spencer Dinwiddie,Dal,*,G,31.9,60,25.1,17.7,12.8,168,0.821,239,0.481,238,0.336,0.493,0.552,10.1,2.3,3.7,0.8,0.2,1.2,12.5,13.9,16.2,7,115.7,113.8
201,N'Faly Dante,Hou,*,C,23.4,1,18.6,18.4,13.7,3,0.667,6,0.667,0,0,0.667,0.683,10,9,1,0,2,1,19,11,20,9.6,134.9,88.7
202,Ochai Agbaji,Tor,*,G,24.9,54,27,14.1,9,42,0.667,223,0.601,203,0.399,0.6,0.606,10,3.7,1.5,0.8,0.5,0.8,13.6,11.5,15.1,5.7,117.8,114.3
203,Josh Okogie,Cha,*,G,26.5,7,21.2,20,14.4,19,0.789,30,0.467,23,0.391,0.519,0.57,10,3.4,1.4,2.7,0.7,1.3,13.4,11.4,14.9,6.8,111.8,106.2
204,Chris Boucher,Tor,*,F,32.1,50,17.2,21.5,7.3,87,0.782,177,0.633,193,0.363,0.586,0.615,10,4.5,0.7,0.5,0.5,0.6,14.5,10.7,15.2,7.3,122.1,110.9
205,Bogdan Bogdanovic,Atl,,G,32.5,24,24.9,18.8,14.2,34,0.882,78,0.5,146,0.301,0.469,0.502,10,2.8,2,0.8,0.3,1.5,12.8,12,14.8,6.1,97.4,110.9
206,Julian Champagnie,San,*,F,23.7,60,23.7,16.9,10.2,60,0.9,130,0.577,353,0.368,0.559,0.583,9.9,3.8,1.3,0.8,0.5,0.9,13.7,11.2,15,6.2,112,113.6
207,Aaron Nesmith,Ind,*,G-F,25.4,25,23,16.3,10.2,44,0.909,87,0.609,89,0.382,0.591,0.635,9.9,3.8,1.3,0.6,0.4,0.8,13.7,11.2,15,6.4,121.9,108.1
208,Ausar Thompson,Det,*,G-F,22.1,40,21.6,18.7,15.6,89,0.596,259,0.61,32,0.219,0.579,0.591,9.8,5,2.4,1.9,0.5,1.4,14.7,12.1,17.1,9.1,116.5,99.4
209,Luguentz Dort,Okc,*,G,25.9,57,28.8,13.5,7.5,42,0.786,149,0.49,318,0.396,0.561,0.574,9.8,4.1,1.6,1.1,0.6,0.7,13.8,11.4,15.5,5.6,119.9,102.8
210,Svi Mykhailiuk,Uta,*,G-F,27.7,24,19.9,22.5,15.8,24,0.792,64,0.531,143,0.343,0.519,0.538,9.8,2.5,1.8,0.6,0.3,1.6,12.2,11.5,14,7.1,101,117.1
211,Ziaire Williams,Bro,*,F,23.5,47,23.9,18.4,11.2,100,0.82,176,0.489,206,0.325,0.488,0.534,9.7,4.8,1.4,1,0.4,1,14.5,11.1,15.9,6.7,108.2,106.8
212,T.J. McConnell,Ind,*,G,32.9,57,18.2,24.4,15.5,63,0.746,433,0.54,37,0.324,0.536,0.554,9.7,2.4,4.5,1.1,0.3,1.5,12.1,14.2,16.6,10.4,112.6,112.8
213,Royce O'Neale,Pho,*,F,31.7,56,25.4,15.6,10.2,26,0.731,112,0.473,330,0.418,0.588,0.594,9.6,4.9,2.1,1,0.5,0.9,14.5,11.7,16.6,7.3,115.8,111.6
214,Brice Sensabaugh,Uta,*,F,21.3,50,18,22,15.2,46,0.913,154,0.552,231,0.377,0.56,0.584,9.5,2.5,1.3,0.5,0.1,1.4,12,10.7,13.3,7,106.9,115.4
215,Jose Alvarado,Nor,*,G,26.9,38,23.4,17.4,11.5,45,0.822,110,0.455,198,0.379,0.528,0.552,9.5,2.4,4.4,1.3,0.2,1.1,12,13.9,16.4,7.9,118.8,115.5
216,Moses Moody,Gol,*,G,22.8,54,20.4,18,8.1,96,0.76,159,0.528,238,0.382,0.555,0.585,9.5,2.3,1.1,0.5,0.4,0.6,11.9,10.6,13,5.7,116.6,110.6
217,Luke Kennard,Mem,*,G,28.7,48,22.4,15,13.1,51,0.882,125,0.52,206,0.456,0.622,0.647,9.5,2.9,3.5,0.7,0.1,1,12.4,13,15.8,8.2,130.6,114.6
218,Tosan Evbuomwan,Bro,*,F,24,21,23.9,19,15.9,53,0.755,109,0.505,55,0.291,0.482,0.529,9.4,4,1.6,0.8,0.3,1.5,13.5,11,15,6.6,102.9,111.3
219,Zach Edey,Mem,*,C,22.8,47,20.9,16.7,17.6,90,0.7,261,0.632,44,0.364,0.62,0.64,9.4,7.7,0.9,0.6,1.2,1.4,17.1,10.3,18,7.7,122.3,102.1
220,Noah Clowney,Bro,*,F-C,20.6,37,23,18.6,11.3,60,0.85,90,0.422,209,0.354,0.498,0.536,9.4,3.9,0.8,0.5,0.5,1,13.4,10.2,14.2,5.4,104.8,108.8
221,Cam Whitmore,Hou,*,F,20.7,40,17.3,23.8,9.9,61,0.721,181,0.497,155,0.329,0.496,0.52,9.4,3.2,0.9,0.7,0.3,0.9,12.7,10.4,13.6,6.9,106.4,107.6
222,Julian Strawther,Den,*,G,22.9,61,22.1,17.7,10.8,82,0.829,209,0.531,263,0.357,0.534,0.563,9.4,2.2,1.3,0.6,0.2,0.9,11.5,10.7,12.9,5.4,108.7,109
223,Nick Richards,Pho,*,C,27.3,22,23.3,16,17.9,54,0.815,132,0.614,1,0,0.609,0.657,9.4,9.6,0.6,0.2,0.9,1.3,19,10,19.6,6.5,123.6,104.5
224,Isaiah Joe,Okc,*,G,25.7,54,20.7,17.1,5.3,32,0.719,87,0.552,325,0.4,0.59,0.597,9.4,2.5,1.4,0.7,0.1,0.4,11.9,10.8,13.3,6.2,121.8,105.8
225,Nickeil Alexander-Walker,Min,*,G,26.5,63,25.5,15.8,14.1,75,0.76,189,0.519,286,0.399,0.566,0.586,9.4,3.1,2.6,0.6,0.3,1.2,12.5,12,15.1,6.6,114.3,109.3
226,Jalen Wilson,Bro,*,F,24.3,60,26.8,16.1,12.4,121,0.826,206,0.5,267,0.315,0.484,0.53,9.3,3.4,1.9,0.5,0.1,1.1,12.7,11.2,14.6,5.8,108.3,112.6
227,Cole Anthony,Orl,*,G,24.8,57,18.3,25.2,16.4,96,0.802,291,0.467,178,0.343,0.485,0.52,9.3,3,2.8,0.7,0.4,1.6,12.4,12.1,15.2,9.3,102.8,100.3
228,Kevin Porter Jr.,Lac,,G-F,24.8,45,19.6,25.6,17.1,76,0.645,301,0.485,106,0.245,0.455,0.476,9.3,3.6,3.2,1,0.2,1.9,12.9,12.5,16.1,9.7,95.8,105.2
229,Carlton Carrington,Was,*,G,19.6,60,29.4,14.6,15.7,55,0.836,217,0.475,283,0.35,0.503,0.524,9.2,4,4,0.7,0.2,1.6,13.2,13.1,17.1,7.2,105.2,115.8
230,Trendon Watford,Bro,*,G-F,24.3,25,18.1,24.2,18.4,63,0.794,136,0.507,46,0.304,0.495,0.548,9.2,3.4,2.1,0.7,0.2,1.6,12.6,11.3,14.7,8.9,103.9,104.6
231,Miles McBride,Nyk,*,G,24.5,51,23.8,16.3,7.4,53,0.849,170,0.488,231,0.372,0.529,0.553,9.2,2.5,2.6,0.9,0.2,0.6,11.6,11.8,14.2,6.6,119.9,113.5
232,Dante Exum,Dal,*,G,29.6,13,19.2,20.7,14.8,28,0.714,58,0.5,34,0.412,0.543,0.575,9.2,1.6,3.3,0.8,0.2,1.2,10.8,12.5,14.2,7.6,115.3,111.5
233,Dereck Lively II,Dal,*,C,21.1,32,24,13.7,18,69,0.638,177,0.701,0,0,0.701,0.704,9.1,7.8,2.6,0.5,1.7,1.2,17,11.8,19.6,9.5,138.4,103.7
234,Patrick Williams,Chi,*,F,23.5,45,26.2,16.9,13.4,65,0.769,185,0.4,202,0.351,0.466,0.494,9.1,4,2,0.8,0.6,1.3,13.2,11.2,15.2,6.4,98.1,116.7
235,Kevin Porter Jr.,Mil,*,G-F,24.8,9,14.7,27.5,22.6,20,0.85,50,0.56,8,0.375,0.56,0.614,9.1,2.2,2.3,1.6,0,1.9,11.3,11.4,13.7,9.8,106.8,103.6
236,Caleb Martin,Phi,*,F,29.4,31,30.4,14.3,15.6,74,0.622,145,0.469,87,0.379,0.506,0.531,9.1,4.4,2.3,1.1,0.6,1.4,13.5,11.3,15.7,5.9,107.1,114.3
237,Dalton Knecht,Lal,*,F,23.9,57,19.9,17.7,6.3,65,0.785,151,0.629,251,0.363,0.576,0.597,9,2.9,0.8,0.4,0.1,0.5,11.9,9.9,12.8,5.5,117.9,111.1
238,Anthony Black,Orl,*,G,21.1,59,24.1,19.2,18.8,163,0.755,314,0.462,138,0.29,0.454,0.509,9,2.7,3.2,1,0.5,1.8,11.8,12.2,14.9,7.1,101.3,104.9
239,Jaime Jaquez Jr.,Mia,*,G,24,49,22.3,19.8,16.9,122,0.77,265,0.494,94,0.298,0.482,0.533,9,4.6,2.6,1.1,0.2,1.5,13.6,11.6,16.2,8.5,107.6,108.2
240,Scotty Pippen Jr.,Mem,*,G,24.3,60,20,19.5,19.5,122,0.689,270,0.537,159,0.346,0.53,0.558,9,3.2,4.2,1.2,0.3,1.7,12.2,13.2,16.5,9.9,113.5,103.3
241,Killian Hayes,Bro,*,G,23.6,6,27.1,15.4,17.2,12,0.833,22,0.455,21,0.381,0.512,0.559,9,3,5.2,0.7,0.7,1.5,12,14.2,17.2,7.7,119.2,112.7
242,Clint Capela,Atl,*,C,30.8,52,21.7,16.6,11.1,97,0.536,369,0.566,1,0,0.565,0.569,9,8.6,1.2,0.6,1,0.9,17.6,10.2,18.8,8.3,119.1,107.3
243,Marcus Smart,Was,*,G,31,5,19.6,20.3,22.6,8,0.75,19,0.632,15,0.333,0.574,0.6,9,1.4,1.6,1.4,0,2,10.4,10.6,12,5.6,98.2,111.2
244,Draymond Green,Gol,*,F,35,48,28.7,15.7,24.3,109,0.67,193,0.513,162,0.327,0.503,0.534,9,6.1,5.8,1.3,1,2.4,15.1,14.7,20.8,9.5,108.3,102.8
245,Jonas Valanciunas,Sac,*,C,32.8,10,16.7,21,10.9,21,0.81,63,0.556,2,0.5,0.562,0.606,9,6.4,1.4,0.7,0.9,0.8,15.4,10.4,16.8,10.3,128.1,97.4
246,Chris Paul,San,*,G,39.8,60,28.7,13.7,17.1,81,0.938,148,0.507,283,0.367,0.536,0.576,9,3.7,7.9,1.3,0.2,1.5,12.7,16.9,20.6,8.9,127.5,112.5
247,Nick Richards,Cha,,C,27.3,21,21,17.8,22.4,87,0.678,113,0.566,1,0,0.561,0.614,8.9,7.5,1.3,0.3,1.2,1.6,16.4,10.2,17.8,8.4,115.5,104.4
248,Max Strus,Cle,*,G-F,28.9,32,25,14.6,11.5,13,0.846,48,0.583,190,0.379,0.571,0.581,8.8,4.3,3.2,0.6,0.3,1,13.1,12,16.3,7.9,122.1,106.8
249,Wendell Carter Jr.,Orl,*,C-F,25.9,50,25.4,16,14.2,137,0.723,242,0.57,107,0.206,0.49,0.539,8.8,7.5,2.2,0.8,0.5,1.2,16.3,11.1,18.5,8.3,113.6,99.9
250,Kel'el Ware,Mia,*,C,20.9,44,20.3,17.5,11.4,46,0.739,215,0.623,79,0.342,0.594,0.609,8.7,6.4,0.9,0.6,1.1,0.9,15.1,9.6,16,7.3,117.6,105.8
251,Georges Niang,Cle,,F,31.7,51,20.7,16.5,12.1,29,0.793,123,0.618,225,0.4,0.606,0.617,8.7,3.7,1.3,0.3,0.1,0.9,12.4,10,13.7,6.7,116.5,102.8
252,Marcus Smart,Mem,,G,31,19,21.1,19.8,19.1,36,0.833,58,0.414,90,0.322,0.456,0.504,8.7,2.3,3.7,1.2,0.3,1.8,10.9,12.4,14.7,8,105.1,109.9
253,Yves Missi,Nor,*,C,20.8,59,26.9,13.7,14.9,146,0.63,386,0.541,1,0,0.54,0.565,8.6,8.1,1.3,0.6,1.4,1.2,16.7,9.9,18,6.7,117.9,114.4
254,Nick Smith Jr.,Cha,*,G,20.9,41,21.4,20.4,12.5,20,0.9,167,0.467,196,0.306,0.463,0.476,8.6,1.9,2,0.4,0.1,1.3,10.6,10.7,12.6,6,95.3,115.1
255,GG Jackson,Mem,*,F,20.2,18,16.5,22.8,15.6,36,0.722,65,0.477,65,0.338,0.492,0.528,8.6,3.3,1.1,0.3,0.2,1.3,11.8,9.7,12.9,7.6,103,111.1
256,Terance Mann,Atl,*,G-F,28.4,10,22.3,13.6,16.1,14,0.429,30,0.533,27,0.593,0.702,0.681,8.6,2.9,2.5,0.6,0.2,1.1,11.5,11.1,14,7.1,127.3,112.2
257,Jusuf Nurkic,Pho,,C,30.5,25,23.7,18.7,25.9,69,0.696,104,0.529,59,0.322,0.512,0.556,8.6,9.2,1.9,0.9,0.6,2.3,17.8,10.5,19.6,9,101.1,100.8
258,Kentavious Caldwell-Pope,Orl,*,G,32,60,30.2,12.5,10.1,78,0.872,174,0.58,263,0.308,0.509,0.544,8.6,2.1,1.8,1.4,0.5,0.8,10.6,10.3,12.4,4.2,110,108.8
259,Max Christie,Lal,,G,22.1,46,25.1,13.9,11.9,87,0.851,125,0.544,163,0.368,0.549,0.598,8.5,2.7,1.4,0.8,0.5,0.8,11.2,9.9,12.6,5.1,116.9,111.6
260,Larry Nance Jr.,Atl,*,F-C,32.2,24,19.3,15.6,9.3,13,0.692,79,0.582,76,0.447,0.626,0.632,8.5,4.3,1.6,0.8,0.5,0.7,12.8,10,14.3,8,123.3,109.8
261,Dalano Banton,Por,*,F,25.3,49,15.4,24.8,15.5,93,0.71,192,0.469,152,0.368,0.506,0.538,8.4,1.9,2.1,0.7,0.5,1.3,10.4,10.6,12.5,8.4,106.4,114.7
262,KJ Martin,Uta,*,F,24.2,7,24.6,12.7,14.5,10,0.5,26,0.808,15,0.267,0.659,0.65,8.4,3.1,1.1,0.6,0.4,1,11.6,9.6,12.7,5,116.9,115.6
263,Jalen Smith,Chi,*,F-C,25,54,15.1,20.9,8.8,77,0.831,151,0.629,190,0.353,0.573,0.607,8.4,5.5,0.9,0.3,0.7,0.6,14,9.4,14.9,9.2,121.7,107.5
264,Jaylen Nowell,Nor,*,G,25.7,8,21,21.5,9.8,11,0.636,46,0.391,27,0.296,0.411,0.43,8.4,2.5,2.3,0.1,0.5,1,10.9,10.6,13.1,6.9,94.1,120.8
265,Bruce Brown,Tor,,G-F,28.6,18,19.6,19.5,12.6,29,0.897,95,0.484,36,0.306,0.477,0.525,8.4,3.8,1.6,0.9,0.2,1.1,12.2,9.9,13.7,7.6,105.7,111.5
266,Quinten Post,Gol,*,C,25,24,15.4,20.5,11.5,15,0.933,60,0.533,94,0.426,0.597,0.616,8.3,3.8,1.5,0.4,0.3,0.8,12,9.8,13.5,9.4,119.2,101.9
267,Day'Ron Sharpe,Bro,*,C,23.3,39,17.7,21,17.5,66,0.773,214,0.575,36,0.25,0.546,0.581,8.3,6.5,1.7,0.8,0.8,1.4,14.8,10.1,16.5,10.2,117,100.8
268,Justin Edwards,Phi,*,F,21.2,28,24.1,14.7,11.5,19,0.632,83,0.59,109,0.367,0.568,0.574,8.2,3.1,1.4,0.8,0.3,0.9,11.3,9.6,12.7,5.5,112.2,111.6
269,Tre Jones,Chi,*,G,25.2,10,18.9,15.5,7.9,16,0.875,48,0.583,10,0.4,0.586,0.63,8.2,2.3,3.1,0.8,0.2,0.5,10.5,11.3,13.6,8.2,135.4,117.7
270,Kyshawn George,Was,*,F,21.2,54,26.7,15.4,16,69,0.754,138,0.442,283,0.311,0.458,0.485,8.1,4.1,2.4,0.9,0.7,1.5,12.2,10.6,14.6,6.4,96.6,111.2
271,Peyton Watson,Den,*,G,22.5,48,24.2,14,12.6,101,0.752,203,0.532,94,0.34,0.525,0.568,8.1,3.4,1.5,0.9,1.2,0.9,11.5,9.6,13,5.7,114.1,112
272,Brandon Clarke,Mem,*,F,28.5,56,18.8,14.9,9.6,70,0.671,312,0.647,17,0.059,0.619,0.631,8.1,5,1,0.8,0.5,0.6,13.1,9.1,14.2,7.3,128.9,103.1
273,Goga Bitadze,Orl,*,C-F,25.6,52,22.7,14.5,18.1,103,0.631,262,0.664,22,0.091,0.623,0.636,8.1,7.5,2.1,0.8,1.6,1.2,15.6,10.1,17.7,8.9,124.2,101.3
274,Mike Conley,Min,*,G,37.4,54,24.9,14.5,13.6,72,0.917,116,0.345,245,0.396,0.514,0.556,8.1,2.6,4.5,1.2,0.2,1.1,10.7,12.6,15.2,7.3,122.4,109.1
275,Al Horford,Bos,*,C-F,38.8,48,26.9,13.1,9,22,0.909,107,0.533,236,0.36,0.538,0.551,8.1,5.6,1.8,0.6,0.8,0.7,13.7,9.9,15.5,6.5,117.2,108.5
276,Damion Baugh,Cha,*,G,24.6,7,26.2,18.1,18.8,10,0.9,29,0.448,31,0.226,0.392,0.435,8,3,4,1.7,0.1,2,11,12,15,7,93.3,112.1
277,Tyrese Martin,Bro,*,F,26,43,20.9,18.7,14.5,44,0.773,121,0.496,191,0.335,0.5,0.522,8,3.7,1.6,0.5,0.1,1.2,11.7,9.7,13.3,6.9,102.7,114.8
278,Keon Ellis,Sac,*,G,25.2,58,22.6,13,12.9,62,0.855,98,0.582,226,0.438,0.634,0.66,8,2.5,1.2,1.4,0.8,0.8,10.5,9.2,11.8,5.1,124.4,109
279,Jaden Hardy,Dal,*,G,22.7,46,15.2,24.8,17,61,0.672,162,0.469,151,0.384,0.521,0.54,8,1.5,1.4,0.5,0.1,1.4,9.5,9.4,10.9,6.7,97.7,109.2
280,Taurean Prince,Mil,*,F,31,59,26.2,12.4,13.8,31,0.839,125,0.456,243,0.453,0.603,0.616,8,3.7,2,0.8,0.1,1,11.7,10,13.7,6,115.5,107.9
281,Cason Wallace,Okc,*,G,21.3,53,27.6,12.4,9.8,24,0.833,207,0.546,169,0.337,0.528,0.539,7.9,3.5,2.5,1.8,0.5,0.8,11.3,10.4,13.8,5.9,115.9,104
282,Kevin Huerter,Sac,,G-F,26.5,43,20.9,17,10.7,28,0.714,105,0.629,205,0.302,0.513,0.524,7.9,2.8,1.7,0.8,0.4,0.9,10.7,9.6,12.4,6.4,105.6,110.3
283,Dennis Schroder,Det,*,G,31.5,9,18.6,21.9,16.6,20,0.8,34,0.412,31,0.29,0.423,0.481,7.9,2.4,4.6,0.3,0.3,1.4,10.3,12.4,14.9,9.5,107.7,108.9
284,Tristan da Silva,Orl,*,F,23.8,59,23.6,14.8,10.9,54,0.852,198,0.515,204,0.343,0.515,0.54,7.8,3.5,1.6,0.5,0.3,0.8,11.3,9.4,12.9,6,111,109.7
285,Cody Martin,Cha,*,F,29.4,39,24.8,14.5,13.5,49,0.694,144,0.528,124,0.323,0.507,0.528,7.8,4.5,2.3,1.1,0.7,1.1,12.4,10.1,14.6,7,108.9,109.9
286,Thomas Bryant,Ind,*,C-F,27.6,34,16.2,17.8,8.9,29,0.759,116,0.672,78,0.372,0.626,0.641,7.8,4.4,1.3,0.5,0.5,0.6,12.2,9.1,13.5,8.8,130.7,110.5
287,Ja'Kobe Walter,Tor,*,G,20.5,43,20,18,11.9,65,0.738,162,0.481,135,0.311,0.475,0.507,7.7,2.8,1.3,0.7,0.2,0.9,10.5,8.9,11.7,6.1,102.5,111.9
288,A.J. Green,Mil,*,G,25.4,53,22.6,13,8,21,0.905,48,0.458,274,0.42,0.604,0.616,7.7,2.3,1.3,0.5,0.1,0.5,10,9,11.3,5,118.4,107.4
289,Bol Bol,Pho,*,C-F,25.3,26,13.7,21.7,9.7,24,0.75,72,0.722,76,0.342,0.615,0.631,7.7,3.3,0.6,0.2,0.9,0.6,11,8.3,11.7,7.2,116,115.9
290,Jusuf Nurkic,Cha,*,C,30.5,6,18.4,21.1,22.8,16,0.625,21,0.714,16,0.125,0.486,0.522,7.7,8,4.2,1.2,1.2,1.8,15.7,11.8,19.8,13.9,109.5,98.5
291,Kyle Filipowski,Uta,*,C,21.3,51,18.9,16.7,18.9,89,0.618,164,0.598,115,0.391,0.593,0.607,7.6,5.2,2,0.5,0.1,1.3,12.7,9.5,14.7,9.1,115.3,108.6
292,Josh Green,Cha,*,G,24.3,55,28.6,11.3,13.2,60,0.667,142,0.479,200,0.4,0.55,0.565,7.6,2.7,1.5,1.1,0.2,0.9,10.2,9.1,11.7,4.4,111.2,111.1
293,Garrison Mathews,Atl,*,G,28.4,44,17.6,16,10.7,77,0.818,36,0.444,206,0.388,0.562,0.607,7.6,1.8,1.3,0.6,0.3,0.7,9.5,8.9,10.8,5.9,118.9,110.6
294,Lonzo Ball,Chi,*,G,27.4,35,22.2,15.9,14.4,27,0.815,48,0.458,195,0.344,0.504,0.524,7.6,3.4,3.3,1.3,0.5,1.2,11,10.9,14.3,7.9,108.9,112.7
295,Javonte Green,Cle,*,G,31.6,2,12.2,16.2,12.3,3,0.333,4,1,3,0.667,1,0.901,7.5,4.5,1,0,0,0.5,12,8.5,13,10.6,153.2,102.6
296,Sam Hauser,Bos,*,F,27.2,52,20.4,13.7,5.7,4,1,46,0.674,266,0.406,0.619,0.621,7.5,3,1,0.6,0.2,0.4,10.5,8.5,11.5,5.5,125.4,109.1
297,Justin Champagnie,Was,*,G-F,23.7,41,18.4,16,13,46,0.696,121,0.628,112,0.366,0.59,0.606,7.5,4.7,0.9,0.9,0.6,0.9,12.2,8.4,13,6.9,116.2,111.1
298,Vasilije Micic,Cha,,G,31.1,36,21.2,20.2,21.3,41,0.829,148,0.338,125,0.36,0.43,0.462,7.5,2.4,3.5,0.4,0,2.1,9.9,11,13.4,7.5,93.2,115.1
299,Johnny Juzang,Uta,*,G,24,44,17.7,16.6,6.8,36,0.833,78,0.513,195,0.369,0.542,0.564,7.4,2.6,0.9,0.5,0.1,0.5,10,8.3,11,5.8,117,112.2
300,Shake Milton,Bro,,G,28.4,27,18.2,17,11.3,33,0.758,85,0.529,72,0.389,0.554,0.58,7.4,1.9,2.4,0.6,0,0.7,9.3,9.7,11.6,7.1,119.9,111.8
301,Richaun Holmes,Was,*,F,31.4,23,17.8,13.7,15.9,47,0.83,92,0.717,3,0,0.695,0.739,7.4,5.6,1.4,0.2,0.8,0.8,13,8.8,14.4,8.7,140.7,112.1
302,Andre Drummond,Phi,*,C,31.6,37,18.7,19.3,20,88,0.614,196,0.546,16,0.125,0.519,0.546,7.4,7.9,0.8,1,0.4,1.4,15.3,8.2,16.1,7.7,108.1,100.3
303,Jake LaRavia,Mem,,F,23.3,47,20.9,14.3,22.2,96,0.698,151,0.517,90,0.444,0.573,0.605,7.3,4.4,2.8,0.9,0.4,1.5,11.7,10.1,14.5,8.6,118.2,106.7
304,Trayce Jackson-Davis,Gol,*,F,25,51,17.9,16.5,12.7,86,0.605,280,0.575,1,0,0.573,0.587,7.3,5.7,1.9,0.4,0.7,0.8,13,9.2,14.9,9.6,123.4,107
305,Isaiah Collier,Uta,*,G,20.4,53,24.4,18.2,28.6,79,0.646,253,0.486,123,0.236,0.443,0.467,7.2,3.1,6.1,0.8,0.2,2.8,10.3,13.4,16.5,8.4,96.1,114.1
306,Bones Hyland,Lac,*,G,24.5,20,11.1,29.1,17.3,26,0.885,34,0.412,80,0.388,0.531,0.574,7.2,1.2,1.4,0.9,0.2,1.2,8.4,8.6,9.8,8.3,105.7,100.7
307,KJ Simpson,Cha,*,G,22.6,23,20.4,20.2,15.4,37,0.811,102,0.422,74,0.216,0.381,0.426,7.1,2.9,2.6,0.8,0.2,1.4,10,9.7,12.6,7.4,94.5,112.1
308,Matas Buzelis,Chi,*,F,20.4,60,16.4,18.4,10.4,64,0.828,190,0.526,172,0.331,0.512,0.543,7.1,3,0.8,0.3,0.8,0.7,10.1,7.9,10.9,6.3,105.7,112
309,Vince Williams Jr.,Mem,*,G,24.5,11,17.1,19.9,20.6,15,0.667,36,0.528,33,0.303,0.493,0.516,7.1,3.7,2.1,0.5,0.2,1.6,10.8,9.2,12.9,8.9,100.7,105.1
310,Jay Huff,Mem,*,C,27.5,48,12.1,19.2,10.8,48,0.771,77,0.727,153,0.418,0.661,0.679,7.1,2,0.6,0.2,0.9,0.6,9.1,7.7,9.8,6.8,126.7,106.9
311,Sam Merrill,Cle,*,G,28.8,52,19.2,14.7,6.9,28,0.964,40,0.65,270,0.359,0.553,0.574,7.1,2,1.4,0.7,0.2,0.4,9.1,8.6,10.6,5.6,120.9,107
312,Kelly Olynyk,Tor,,F-C,33.9,24,16,19,22.8,43,0.791,75,0.533,43,0.442,0.581,0.624,7.1,3.7,2.3,0.7,0.3,1.5,10.8,9.5,13.2,9.8,114.4,101.9
313,Isaiah Jackson,Ind,*,F,23.1,5,16.8,17.7,17.7,14,0.5,23,0.609,0,0,0.609,0.6,7,5.6,1,0.6,1.6,1,12.6,8,13.6,8.1,119.3,98.7
314,Cameron Payne,Nyk,*,G,30.6,55,14.3,21.1,9.4,46,0.891,135,0.481,194,0.371,0.526,0.554,7,1.4,2.7,0.6,0.2,0.6,8.4,9.7,11.1,8.3,119.7,107.4
315,Vit Krejci,Atl,*,G,24.7,39,20.8,13.3,14,30,0.667,69,0.58,146,0.384,0.577,0.587,6.9,2.7,2.7,0.7,0.5,0.9,9.6,9.6,12.3,7.1,116.7,110.7
316,Jared Butler,Phi,*,G,24.5,7,14.1,26.1,18.4,11,0.818,28,0.536,16,0.188,0.443,0.491,6.9,2.3,3.4,0.4,0.3,1.4,9.1,10.3,12.6,10.7,103.7,114.6
317,Jared Butler,Was,,G,24.5,32,11.3,26,14.1,45,0.778,135,0.519,41,0.366,0.526,0.562,6.9,1.3,2.6,0.4,0.2,0.9,8.2,9.4,10.7,10.1,114.5,113.2
318,Precious Achiuwa,Nyk,*,F,25.5,39,22.5,13.5,12.3,50,0.62,192,0.552,29,0.31,0.541,0.556,6.9,6.2,1.1,0.9,0.8,0.8,13.1,8,14.2,6.4,117.9,109
319,Torrey Craig,Chi,,F,34.2,9,12.5,17.3,0,4,0.75,10,0.7,35,0.429,0.656,0.663,6.9,2.8,0.6,0.2,0.1,0,9.7,7.4,10.2,7.2,137.4,107.6
320,Dorian Finney-Smith,Lal,*,F,31.8,25,26.9,11.2,13.7,9,0.778,43,0.605,101,0.366,0.566,0.574,6.8,3.6,1.2,1,0.1,0.9,10.4,8,11.6,4.6,112.2,111
321,Ben Simmons,Lac,*,G-F,28.6,5,21.1,11.9,7.6,7,0.857,24,0.583,0,0,0.583,0.628,6.8,5.2,5,1.4,0.6,0.4,12,11.8,17,10.6,149.2,100
322,Eric Gordon,Phi,*,G,36.2,39,19.7,14.5,12.1,48,0.75,67,0.463,137,0.409,0.564,0.591,6.8,1.2,1.7,0.7,0.3,0.7,8,8.5,9.7,4.9,115.9,118.9
323,Elfrid Payton,Nor,,G,31,7,20.5,19.6,30.2,2,0.5,45,0.511,1,0,0.5,0.501,6.7,3.4,6.9,1.4,0.4,2.9,10.1,13.6,17,10.5,100,114
324,Ajay Mitchell,Okc,*,G,22.7,34,16.5,15.8,14.3,33,0.848,116,0.543,51,0.431,0.575,0.606,6.5,2,1.7,0.7,0.1,0.8,8.4,8.1,10.1,6.8,118,102.6
325,Haywood Highsmith,Mia,*,F,28.2,53,24.2,11.1,12,32,0.719,109,0.578,161,0.41,0.6,0.611,6.5,3.1,1.3,0.9,0.6,0.7,9.7,7.9,11,4.9,118.1,107.9
326,KJ Martin,Phi,,F,24.2,24,20,11.3,10.8,29,0.828,78,0.679,21,0.381,0.657,0.689,6.4,3,0.8,0.5,0.7,0.5,9.4,7.2,10.2,5,133.7,107.7
327,Jaxson Hayes,Lal,*,C-F,24.8,39,18.8,11.9,16.9,62,0.726,140,0.729,2,0,0.718,0.735,6.4,4.5,1,0.6,1,0.7,10.9,7.4,11.9,6.5,137.3,102.9
328,Alec Burks,Mia,*,G,33.6,35,17.5,14.7,8.6,40,0.775,45,0.378,124,0.427,0.571,0.6,6.4,2.6,1.1,0.6,0.2,0.5,9,7.5,10.1,6,119.2,112
329,Ronald Holland II,Det,*,F,19.7,62,15.7,17.8,14,86,0.791,196,0.597,124,0.234,0.502,0.544,6.3,2.7,0.9,0.6,0.1,0.8,8.9,7.2,9.8,6.3,105.4,103.9
330,Dru Smith,Mia,*,G,27.2,14,19.2,13.9,21.7,13,0.769,31,0.484,30,0.533,0.639,0.659,6.3,2.6,1.6,1.5,0.4,1.2,8.9,7.9,10.5,6.2,115.7,102.8
331,Davion Mitchell,Tor,,G,26.5,44,24.6,13.3,24.2,37,0.676,127,0.504,117,0.359,0.52,0.536,6.3,2,4.6,0.7,0.2,1.8,8.3,11,12.9,6.3,105.3,111.4
332,Simone Fontecchio,Det,*,F,29.2,55,17.4,16.3,13.4,74,0.811,116,0.483,175,0.32,0.481,0.525,6.2,3,0.9,0.4,0.2,0.8,9.2,7.1,10.1,5.9,105.3,109.6
333,Kris Dunn,Lac,*,G,31,54,23.7,13.1,15.3,16,0.563,159,0.553,163,0.307,0.506,0.509,6.2,3.6,3,1.8,0.3,1.1,9.8,9.2,12.8,6.9,108.1,100.8
334,Ben Simmons,Bro,,G-F,28.6,33,25,14.3,34.1,26,0.692,170,0.547,0,0,0.547,0.562,6.2,5.2,6.9,0.8,0.5,2.7,11.4,13.1,18.3,9.7,108.5,107.4
335,Trey Lyles,Sac,*,F,29.3,49,18.4,14.4,9.2,49,0.714,87,0.529,170,0.347,0.523,0.546,6.2,4.5,1.1,0.6,0.4,0.5,10.7,7.3,11.7,6.8,115.4,110.3
336,Mouhamed Gueye,Atl,*,F,22.3,14,15.1,17.2,7.1,11,0.727,38,0.632,40,0.25,0.5,0.519,6.1,3.2,0.6,0.9,0.9,0.4,9.4,6.8,10,6,107,107.6
337,Jordan Goodwin,Lal,*,G,26.4,8,16.9,15.4,13,3,0.667,24,0.667,16,0.313,0.588,0.593,6.1,3.8,1,1.3,0.3,0.8,9.9,7.1,10.9,6.7,117.7,104.8
338,Alex Caruso,Okc,*,G,31,39,19,14.2,10,17,0.824,89,0.528,127,0.339,0.516,0.53,6.1,2.8,2.6,1.7,0.5,0.6,8.9,8.7,11.5,7.5,118.2,99.9
339,Bismack Biyombo,San,*,C,32.5,9,17.6,14.2,18.3,9,0.333,40,0.65,0,0,0.65,0.626,6.1,5.7,1.2,0.6,1,1,11.8,7.3,13,7.9,115.1,104.1
340,Jamal Shead,Tor,*,G,22.6,56,17.5,18,22,39,0.744,174,0.483,137,0.343,0.497,0.515,6,1.2,3.6,0.6,0.1,1.6,7.3,9.6,10.9,6.8,101.1,110.7
341,Ryan Dunn,Pho,*,F,22.2,55,17.5,15.9,7.4,25,0.44,145,0.579,166,0.301,0.511,0.511,6,3.1,0.8,0.4,0.5,0.5,9.1,6.8,9.9,5.6,105.9,108.9
342,Ricky Council IV,Phi,*,G,23.6,52,14.1,19.5,9.6,82,0.817,145,0.49,117,0.299,0.471,0.527,6,2.2,1.1,0.5,0.1,0.5,8.2,7.2,9.3,6.9,111.2,115.7
343,David Roddy,Phi,*,F,23.9,3,9.5,30.8,5,0,0,8,0.75,11,0.182,0.474,0.474,6,3,1,0.7,0,0.3,9,7,10,11,101.7,111.3
344,Isaiah Wong,Cha,*,G,24.1,20,13.3,22,14.6,34,0.735,72,0.389,33,0.394,0.452,0.5,6,1.6,1.4,0.6,0,0.9,7.6,7.4,9,7.2,102.9,112
345,Wendell Moore Jr.,Cha,*,G,23.5,4,18.6,16.7,14.1,3,0.667,18,0.444,6,0.333,0.458,0.474,6,3.5,0.3,0.3,0,1,9.5,6.3,9.8,4,95.5,113.1
346,James Wiseman,Ind,*,C,23.9,1,4.6,46,0,2,1,3,0.667,1,0,0.5,0.615,6,1,0,0,0,0,7,6,7,0,123.5,119.1
347,Talen Horton-Tucker,Chi,*,G,24.3,44,11.9,21.6,12.2,53,0.717,124,0.508,92,0.37,0.528,0.556,6,1.8,1.4,0.4,0.3,0.7,7.8,7.4,9.2,8.3,109.2,112.3
348,Terance Mann,Lac,,G-F,28.4,37,19.8,13.8,11.3,32,0.719,120,0.508,75,0.347,0.513,0.533,6,2.9,1.6,0.8,0.3,0.7,8.9,7.6,10.5,6.1,112.1,105.7
349,Josh Okogie,Pho,,G,26.5,25,14,18.1,12.3,32,0.688,72,0.556,42,0.381,0.561,0.586,6,2.9,0.6,0.8,0.4,0.6,8.9,6.6,9.4,6.2,115.7,112
350,Seth Curry,Cha,*,G,34.5,50,14.4,16,8.4,25,0.8,111,0.486,128,0.453,0.59,0.604,6,1.6,0.6,0.5,0.1,0.4,7.6,6.7,8.2,5,117.8,114
351,Donovan Clingan,Por,*,C,21,48,17,15.2,20.9,64,0.625,188,0.59,24,0.292,0.573,0.589,5.9,6.9,0.9,0.5,1.6,1.2,12.8,6.8,13.7,7.8,114.8,98.6
352,Ben Sheppard,Ind,*,G,23.6,46,20.3,11.6,6.2,20,0.9,70,0.6,155,0.368,0.567,0.584,5.9,2.7,1.3,0.6,0.3,0.3,8.7,7.2,9.9,5.4,121.6,109.9
353,Marcus Sasser,Det,*,G,24.5,47,13.5,18.3,15.6,31,0.839,105,0.571,117,0.368,0.561,0.584,5.9,1.1,2.2,0.6,0.1,0.9,7,8.1,9.2,7.2,116,107.9
354,Bruce Brown,Nor,*,G-F,28.6,8,23.1,14.5,8.6,13,0.692,40,0.4,13,0.154,0.358,0.4,5.9,4.3,1.9,1.1,0,0.6,10.1,7.8,12,6.3,95.7,111.9
355,Isaiah Stewart,Det,*,F-C,23.8,56,19.8,12.3,18.3,66,0.758,201,0.587,40,0.3,0.564,0.596,5.8,5.6,1.6,0.3,1.4,1,11.4,7.4,13,7.5,121.2,102.4
356,Javonte Green,Nor,,G,31.6,50,21.8,10.9,11.1,66,0.758,117,0.53,108,0.352,0.529,0.567,5.8,3.6,0.9,1.1,0.6,0.6,9.3,6.7,10.2,4.9,116.3,115.3
357,Drew Eubanks,Uta,,F-C,28.1,37,15.4,14.8,17.6,57,0.632,140,0.607,5,0.6,0.617,0.632,5.8,4.5,1.2,0.3,0.9,0.8,10.4,7,11.6,8.2,120.1,112.2
358,Robert Williams III,Por,*,C-F,27.4,20,17.6,12.2,17.8,17,0.882,75,0.653,3,0.333,0.647,0.679,5.8,5.9,1.1,0.7,1.7,0.9,11.7,6.9,12.8,7.6,127.7,106.4
359,Jeff Green,Hou,*,F,38.5,20,12.8,15.2,5.7,18,0.833,33,0.788,49,0.327,0.61,0.639,5.8,1.7,0.5,0.2,0.1,0.3,7.5,6.2,7.9,5.3,132.1,108.7
360,Quenton Jackson,Ind,*,G,26.5,18,14.1,16.5,12.6,21,0.714,52,0.577,24,0.375,0.572,0.598,5.7,1.5,1.7,0.5,0.3,0.6,7.2,7.4,8.9,6.9,120.6,107.7
361,Jeremiah Robinson-Earl,Nor,*,F,24.3,48,17.3,13.9,12,38,0.842,120,0.558,107,0.336,0.533,0.562,5.7,4.4,1.1,0.6,0.1,0.6,10.1,6.8,11.3,7,117.8,115.1
362,Isaac Okoro,Cle,*,F-G,24.1,35,19.4,11.7,7.5,29,0.724,66,0.5,95,0.389,0.55,0.57,5.7,2.3,1.5,0.6,0.4,0.4,7.9,7.1,9.4,5.6,125.2,106.7
363,Dean Wade,Cle,*,F-C,28.3,41,22.2,10.7,7.3,25,0.52,36,0.694,166,0.343,0.547,0.549,5.7,4.9,1.5,0.8,0.4,0.4,10.6,7.2,12.1,6.3,122.3,104.7
364,Kenrich Williams,Okc,*,G-F,30.3,49,14.5,15.4,11.2,18,0.889,109,0.606,113,0.389,0.595,0.609,5.7,3.3,1.2,0.6,0.1,0.6,9,6.9,10.2,7.8,123.2,100.4
365,Jonathan Isaac,Orl,*,F,27.4,55,16.3,16.1,7.8,81,0.679,139,0.547,134,0.261,0.471,0.505,5.7,4.8,0.5,0.8,1.1,0.4,10.5,6.2,11,5.9,112.2,102.5
366,Gary Payton II,Gol,*,G,32.3,49,13.6,16,12.1,33,0.697,145,0.703,66,0.258,0.604,0.616,5.7,2.8,1.3,0.7,0.3,0.6,8.5,7,9.8,8.1,121.8,101.8
367,Gabe Vincent,Lal,*,G,28.7,52,20.6,13.1,9.5,14,0.643,83,0.53,201,0.318,0.493,0.498,5.6,1.2,1.5,0.8,0.2,0.6,6.8,7,8.3,4.2,102.4,108.5
368,Jamison Battle,Tor,*,F,23.8,39,12.6,15.6,6.8,14,0.857,40,0.575,123,0.423,0.62,0.633,5.5,1.8,0.8,0.1,0.1,0.3,7.3,6.3,8.2,6.3,126.1,113.3
369,Rob Dillingham,Min,*,G,20.2,38,12.4,23,19.2,15,0.533,128,0.5,69,0.348,0.508,0.511,5.5,1.2,2.4,0.5,0,1.2,6.7,7.9,9.1,8.1,100.6,109
370,Tristan Vukcevic,Was,*,F,22,19,8.8,24.1,16.2,24,0.75,39,0.692,33,0.333,0.604,0.636,5.5,2.4,0.8,0.2,0.3,0.7,7.9,6.3,8.7,10,114.5,106.6
371,Jarace Walker,Ind,*,F,21.5,56,15.4,16.6,19.1,59,0.644,120,0.55,125,0.368,0.551,0.568,5.5,2.9,1.4,0.8,0.4,1,8.4,6.9,9.8,7.3,102.5,106.3
372,Oscar Tshiebwe,Uta,*,F-C,25.3,6,13.4,12.6,10.3,12,0.75,17,0.706,0,0,0.706,0.741,5.5,6.5,0.5,1,0,0.3,12,6,12.5,7.8,151.2,95.4
373,Keaton Wallace,Atl,*,G,26,26,16.2,15.5,18,11,1,59,0.492,68,0.368,0.524,0.546,5.5,1.4,2.2,0.8,0.3,1.1,6.9,7.7,9.1,6.3,104.4,112.4
374,Lindy Waters III,Gol,,F,27.6,38,17.2,14.5,7.6,11,0.727,57,0.474,148,0.331,0.49,0.498,5.5,2.6,1.1,0.6,0.3,0.4,8.1,6.6,9.2,5.8,104.9,107.6
375,Terrence Shannon Jr.,Min,*,G-F,24.6,23,11.7,19.8,11.3,19,0.842,76,0.553,26,0.308,0.529,0.562,5.4,1.7,1.2,0.3,0.2,0.6,7.1,6.6,8.3,7.6,113.6,109
376,Jonathan Mogbo,Tor,*,F,23.3,49,17.9,14.3,16.4,64,0.703,177,0.492,47,0.298,0.482,0.518,5.3,4.1,1.6,0.8,0.5,0.9,9.4,6.9,11,7.3,109.3,106.9
377,Kobe Bufkin,Atl,*,G,21.5,10,12.4,20.8,14.5,18,0.722,28,0.5,19,0.211,0.426,0.483,5.3,2.1,1.7,0.3,0.2,0.8,7.4,7,9.1,8.6,102.2,112.8
378,Moussa Diabate,Cha,*,F,23.1,51,18.6,12,19,85,0.565,185,0.595,2,0,0.588,0.597,5.3,6.7,0.8,0.7,0.6,0.9,12,6.1,12.8,6.6,120.4,107
379,Orlando Robinson,Tor,*,C,24.7,18,16.2,16.4,19.5,25,0.84,67,0.493,15,0.2,0.457,0.516,5.3,4.3,1.3,0.4,0.3,1.1,9.7,6.7,11,7.6,106.1,106.4
380,Kyle Anderson,Gol,,F-G,31.5,36,15,15.5,10.6,27,0.667,117,0.487,52,0.365,0.506,0.522,5.3,3.1,2.3,0.7,0.6,0.6,8.3,7.5,10.6,8.9,116.7,106.9
381,Kevin Love,Mia,*,F-C,36.5,20,11,25.2,11.2,19,0.684,43,0.349,60,0.35,0.451,0.476,5.3,4.3,1,0.7,0.1,0.7,9.6,6.3,10.6,10.3,100.2,100.8
382,Karlo Matkovic,Nor,*,F-C,23.9,24,16.4,13.5,19.6,20,0.85,64,0.609,30,0.333,0.574,0.608,5.2,4.1,0.9,0.4,1,1,9.3,6.1,10.2,6.5,113.4,108.3
383,Luke Kornet,Bos,*,C-F,29.6,53,17.5,10.4,11.4,67,0.746,169,0.663,1,0,0.659,0.687,5.2,4.9,1.6,0.5,1,0.4,10.1,6.8,11.7,7.9,152.8,104.5
384,Tidjane Salaun,Cha,*,F,19.6,45,19.2,14.9,14,60,0.7,97,0.351,142,0.282,0.393,0.433,5.1,4.1,1,0.5,0.3,0.9,9.2,6.1,10.2,5.7,93.5,111.7
385,Mitchell Robinson,Nyk,*,C-F,26.9,3,13.6,13.2,8,1,1,11,0.636,0,0,0.636,0.656,5,4,0.3,0,0.3,0.3,9,5.3,9.3,5.3,141,110.1
386,Alondes Williams,Det,*,G,25.7,1,3.7,22.8,0,0,0,1,1,1,1,1.25,1.25,5,0,1,0,0,0,5,6,6,0,0,0
387,Neemias Queta,Bos,*,C,25.6,47,14.2,13.3,15.4,48,0.729,151,0.669,2,0,0.66,0.681,5,3.7,0.6,0.3,0.6,0.6,8.8,5.7,9.4,6.3,131.9,99.7
388,Ryan Rollins,Mil,*,G,22.7,39,12.5,18.5,16.7,24,0.833,95,0.526,69,0.348,0.524,0.55,4.9,1.6,1.3,0.7,0.3,0.8,6.6,6.2,7.9,6.9,104.6,103.9
389,Jaylin Williams,Okc,*,F,22.7,32,16,14.3,12.5,11,1,45,0.556,102,0.314,0.497,0.517,4.9,5.3,2.3,0.4,0.6,0.7,10.3,7.2,12.6,9.8,118.5,97.7
390,Marvin Bagley III,Was,,F,26,19,8.8,23.2,13.4,23,0.652,61,0.59,10,0.2,0.549,0.573,4.9,2.9,0.4,0.4,0.3,0.6,7.8,5.3,8.2,8.1,113,113.7
391,Monte Morris,Pho,*,G,29.7,40,13,17.4,9,40,0.85,98,0.48,73,0.301,0.468,0.514,4.9,1.4,1.7,0.4,0.1,0.4,6.3,6.5,7.9,7,111.6,118.9
392,Kevon Looney,Gol,*,F,29.1,56,15.8,14,12.5,76,0.553,228,0.513,2,0,0.509,0.524,4.9,6.6,1.7,0.7,0.5,0.6,11.6,6.7,13.3,9.6,124,97.2
393,Lonnie Walker IV,Phi,*,G-F,26.2,6,16.7,18.2,12.4,3,1,12,0.333,23,0.261,0.371,0.399,4.8,2.5,1,0.5,0.5,0.8,7.3,5.8,8.3,5.5,81.5,115.2
394,Aaron Holiday,Hou,*,G,28.4,46,12.4,16,12.9,30,0.867,65,0.523,117,0.368,0.541,0.571,4.8,1.2,1.2,0.4,0.1,0.6,6.1,6.1,7.3,6.1,116.4,107.2
395,Markelle Fultz,Sac,*,G,26.8,5,10.5,23.1,31.6,1,1,17,0.588,2,0.5,0.605,0.617,4.8,1,1.4,0.8,0,1.8,5.8,6.2,7.2,7.2,90.1,109.3
396,Taylor Hendricks,Uta,*,F,21.3,3,24.8,12.2,9.8,4,0.75,6,0.167,12,0.25,0.306,0.354,4.7,5,0.7,1.7,1.3,0.7,9.7,5.3,10.3,4.1,87.5,109.1
397,DaQuan Jeffries,Cha,*,G-F,27.5,25,18.6,12.8,11.8,13,0.846,51,0.51,68,0.265,0.445,0.469,4.7,2.9,1,0.6,0.4,0.6,7.6,5.7,8.6,5.1,100.5,108.3
398,Jaylen Clark,Min,*,G,23.4,21,15.2,12.2,4.9,18,0.778,42,0.452,36,0.417,0.532,0.564,4.6,1.4,0.6,1,0,0.2,6,5.2,6.6,4.1,124,103
399,Sandro Mamukelashvili,San,*,F-C,25.8,39,8.5,19.7,10,31,0.742,49,0.714,77,0.377,0.623,0.645,4.6,2.3,0.5,0.3,0.3,0.4,6.9,5.1,7.4,8.2,123.3,107.2
400,Charles Bassey,San,*,C-F,24.3,34,10.7,18,16.5,33,0.636,116,0.586,0,0,0.586,0.601,4.6,4.4,0.5,0.4,0.9,0.7,9.1,5.1,9.6,8.1,117.2,101
401,Mo Bamba,Lac,*,C,26.8,28,12.6,16.3,15.5,25,0.68,53,0.623,50,0.3,0.539,0.561,4.6,4.3,0.6,0.3,1,0.7,8.9,5.1,9.4,7.2,108.8,96.2
402,Zach Collins,San,,F-C,27.3,36,11.8,17.1,14.8,35,0.886,86,0.547,46,0.304,0.515,0.566,4.6,2.8,1.4,0.4,0.4,0.6,7.4,6.1,8.9,8.9,118.7,101.1
403,Trentyn Flowers,Lac,*,F,20,2,7.9,28.5,9.6,1,1,7,0.571,2,0,0.444,0.477,4.5,2,0,0,0,0.5,6.5,4.5,6.5,0,91.4,94.6
404,Jordan Miller,Lac,*,G,25.1,32,12.1,18.5,15.2,33,0.788,91,0.516,37,0.216,0.461,0.505,4.5,1.8,1,0.5,0.2,0.7,6.3,5.5,7.3,6.6,103.3,109.8
405,David Roddy,Atl,,F,23.9,27,12.8,14.5,17.6,22,0.818,50,0.56,43,0.372,0.559,0.594,4.5,2.6,1.1,0.4,0.3,0.7,7.1,5.6,8.2,7.3,110.6,113.3
406,Trevelin Queen,Orl,*,G,28,26,14.3,17.6,13.9,15,0.867,59,0.475,65,0.246,0.419,0.448,4.5,1.6,1.3,1,0.4,0.8,6.1,5.8,7.4,5.9,95.5,103.6
407,Julian Phillips,Chi,*,F,21.3,60,13.5,13.4,9.5,61,0.738,95,0.568,114,0.325,0.524,0.56,4.4,2,0.4,0.4,0.3,0.4,6.4,4.8,6.8,4.5,114.4,112.2
408,Jett Howard,Orl,*,G,21.5,51,11.6,18.4,10.8,20,0.75,58,0.517,157,0.312,0.481,0.496,4.4,1.2,0.8,0.2,0.2,0.5,5.6,5.1,6.4,5.6,100.5,107
409,Tre Jones,San,,G,25.2,28,16.1,12.1,18.4,33,0.758,67,0.552,26,0.308,0.527,0.572,4.4,2.1,3.7,0.6,0.2,0.8,6.5,8.1,10.2,8.1,127.6,112.5
410,Kyle Anderson,Mia,*,F-G,31.5,9,13.7,14.8,11.7,16,0.75,25,0.44,5,0.4,0.467,0.54,4.4,3.1,1.7,0.3,0.4,0.4,7.6,6.1,9.2,8.3,123.9,105
411,Reggie Jackson,Phi,*,G,34.9,31,12.4,17.6,11.3,9,0.778,59,0.458,74,0.338,0.485,0.496,4.4,1.4,1.5,0.5,0.1,0.5,5.7,5.8,7.2,6.8,103.9,111.9
412,Patty Mills,Uta,,G,36.6,17,15.3,15,16.4,5,1,19,0.474,57,0.298,0.454,0.473,4.4,1.2,1.2,0.7,0.2,0.9,5.6,5.6,6.8,4.8,93.6,119.1
413,Cody Williams,Uta,*,F,20.3,36,20.2,12.3,16.1,34,0.735,86,0.372,81,0.272,0.389,0.426,4.3,2.2,1.3,0.5,0.3,0.9,6.5,5.6,7.8,4.6,91.6,115.4
414,Micah Potter,Uta,*,C,26.9,27,17.4,10,17.7,12,0.917,20,0.65,68,0.382,0.591,0.616,4.3,4.1,0.8,0.3,0.4,0.7,8.3,5.1,9.1,5.6,118.2,114.9
415,Paul Reed,Det,*,F,25.7,36,9.3,18.1,13.9,34,0.794,90,0.6,21,0.286,0.568,0.607,4.3,2.6,1,0.9,0.5,0.5,6.8,5.2,7.8,9.6,123.9,92.8
416,Jarred Vanderbilt,Lal,*,F,25.9,16,15.8,12.2,16.1,18,0.5,32,0.594,20,0.35,0.567,0.567,4.3,5.4,1.1,0.9,0.3,0.6,9.7,5.4,10.8,7.5,122.9,100.3
417,Daniel Theis,Nor,*,F-C,32.9,38,16.4,11.5,16.2,37,0.838,92,0.565,37,0.243,0.508,0.558,4.3,4.3,1.6,0.5,0.5,0.7,8.6,5.8,10.2,7.5,118.3,109.4
418,Pat Connaughton,Mil,*,G,32.2,31,14.8,13.5,14,17,0.765,54,0.556,62,0.323,0.517,0.539,4.3,2.6,1.6,0.2,0.3,0.6,6.9,5.9,8.6,7.1,112.3,109.3
419,Antonio Reeves,Nor,*,G,22.3,28,10.2,18,8.4,9,0.889,50,0.52,58,0.328,0.505,0.523,4.2,1.1,0.7,0.4,0.1,0.4,5.3,4.9,6,5.8,107.5,120.2
420,Jabari Walker,Por,*,F,22.6,45,11.1,15.8,13.6,47,0.681,100,0.61,46,0.261,0.541,0.57,4.2,3.3,0.6,0.6,0.1,0.5,7.5,4.9,8.1,7.3,115.2,102.1
421,Mason Plumlee,Pho,*,F-C,35,61,17.9,10.4,22.5,98,0.653,162,0.599,3,0,0.588,0.62,4.2,6.3,1.9,0.4,0.7,0.8,10.5,6.2,12.4,8.2,129.9,104.3
422,Dalen Terry,Chi,*,F,22.6,55,12.7,14.4,17.1,56,0.679,114,0.535,65,0.323,0.517,0.548,4.1,1.5,1.2,0.5,0.2,0.7,5.5,5.3,6.7,6.1,108.2,110.4
423,Kris Murray,Por,*,F,24.5,52,13.7,13.8,11.6,42,0.405,113,0.593,78,0.269,0.516,0.511,4.1,2.3,0.9,0.4,0.2,0.5,6.4,5,7.2,6,108.9,114.4
424,Jock Landale,Hou,*,C,29.4,31,10.9,16.6,12.4,34,0.676,90,0.478,16,0.375,0.491,0.525,4.1,3.2,0.8,0.2,0.3,0.5,7.3,4.9,8.1,8,115.2,104.4
425,Thomas Bryant,Mia,,C-F,27.6,10,11.5,13.5,6.6,11,1,11,0.545,17,0.353,0.536,0.624,4.1,3.2,0.4,0.1,0.9,0.2,7.3,4.5,7.7,6,131.2,106.5
426,Pelle Larsson,Mia,*,G,24,38,12.7,13.6,10.7,38,0.658,60,0.583,57,0.333,0.543,0.568,4,1.5,0.9,0.4,0.1,0.4,5.5,4.9,6.4,5.5,116.2,102.7
427,MarJon Beauchamp,Lac,*,F,24.4,3,5.7,24.5,12.2,4,0.5,4,0.5,3,0.667,0.714,0.685,4,1,0.7,0,0,0.3,5,4.7,5.7,9.9,132.6,106.8
428,Gui Santos,Gol,*,F,22.7,37,13.1,13.1,18.4,25,0.72,46,0.609,69,0.362,0.57,0.591,4,2.9,1.4,0.5,0.2,0.7,6.9,5.4,8.3,7.7,119.3,103.5
429,Kevin Knox II,Gol,*,F,25.6,7,7.3,22,3.9,4,0.75,13,0.615,11,0.273,0.521,0.543,4,1.6,0.6,0.1,0.6,0.1,5.6,4.6,6.1,8.6,120.7,107.5
430,Josh Richardson,Mia,*,G,31.5,8,18.7,14.2,17.2,4,1,16,0.313,22,0.273,0.368,0.402,4,1.5,1.5,1,0.1,1,5.5,5.5,7,4.4,87.2,105.6
431,Kyle Lowry,Phi,*,G,38.9,33,18.9,10.3,15.2,33,0.818,28,0.393,83,0.337,0.477,0.53,4,2,2.8,0.9,0.3,0.6,6,6.8,8.8,6,119.6,110.4
432,Reed Sheppard,Hou,*,G,20.7,44,11.9,17.7,12.4,16,0.813,81,0.407,110,0.282,0.416,0.434,3.9,1.4,1.2,0.6,0.3,0.6,5.3,5.1,6.4,6.3,96.1,106.6
433,Dariq Whitehead,Bro,*,G-F,20.6,10,5.9,25.6,18.1,3,0.333,4,0.25,23,0.522,0.704,0.689,3.9,0.6,0.1,0.3,0.1,0.6,4.5,4,4.6,4.2,101,116.3
434,Malaki Branham,San,*,F,21.8,36,8.4,21.9,19,20,0.85,62,0.468,57,0.386,0.521,0.552,3.9,1.1,0.7,0.2,0.1,0.8,5,4.6,5.7,6.9,95.8,115
435,Devin Carter,Sac,*,G,23,18,9.3,21.1,10.8,20,0.75,33,0.394,33,0.273,0.402,0.455,3.8,2.3,1.2,0.3,0.2,0.4,6.1,4.9,7.2,9.4,102,107.7
436,Olivier-Maxence Prosper,Dal,*,F,22.7,51,11,16.3,7.7,72,0.653,117,0.479,50,0.22,0.434,0.483,3.8,2.4,0.7,0.5,0.1,0.3,6.2,4.5,6.9,6.7,111.5,112.3
437,Ousmane Dieng,Okc,*,F,21.8,31,11.3,16,12,16,0.688,47,0.574,63,0.286,0.491,0.508,3.8,2.3,0.9,0.5,0.2,0.5,6.2,4.8,7.1,7,106.4,102.9
438,Brandon Williams,Dal,*,G,25.3,20,8.6,19.3,18.7,19,0.789,33,0.455,23,0.435,0.536,0.583,3.8,0.8,1.2,0.3,0.1,0.7,4.6,4.9,5.7,7.2,110.4,113.1
439,Shake Milton,Lal,*,G,28.4,19,11.2,15.1,19.6,17,0.882,29,0.586,24,0.333,0.547,0.604,3.8,1.8,1.4,0.3,0.1,0.7,5.7,5.2,7.1,7.6,116.9,110.4
440,Isaac Jones,Sac,*,F,24.6,26,8.7,15.9,16.4,26,0.538,57,0.702,4,0.25,0.68,0.67,3.7,1.5,0.3,0.1,0.3,0.5,5.2,4,5.5,5.4,119.7,108
441,Andre Jackson Jr.,Mil,*,G,23.3,54,16.5,11.4,22.5,18,0.556,105,0.524,70,0.386,0.546,0.549,3.7,3,1.4,0.6,0.2,0.9,6.8,5.1,8.1,6,107.5,103.7
442,Collin Gillespie,Pho,*,G,25.7,13,6.4,20.1,8.5,7,0.857,20,0.6,12,0.5,0.656,0.684,3.7,1,1.2,0.2,0.2,0.2,4.7,4.8,5.8,10.3,141.3,110.9
443,Jeff Dowtin Jr.,Phi,*,G,27.8,29,11.3,15.7,4.7,25,0.68,73,0.452,28,0.286,0.446,0.478,3.7,1.2,1.6,0.3,0.1,0.2,4.9,5.3,6.5,6.8,113.3,116.7
444,Jevon Carter,Chi,*,G,29.5,29,7.8,20,8.7,10,0.8,26,0.5,68,0.353,0.521,0.539,3.7,1,1,0.3,0.1,0.3,4.6,4.7,5.7,7.9,110.2,116.4
445,Markieff Morris,Lal,*,F,35.5,3,6.7,25.8,8.7,2,1,3,0,7,0.429,0.45,0.506,3.7,0.3,1,0,0,0.3,4,4.7,5,6.2,107.4,105.1
446,Cam Spencer,Mem,*,G,24.9,11,11.4,12.7,13.7,9,1,15,0.533,16,0.313,0.5,0.572,3.6,1.5,1.5,0.3,0.1,0.5,5.2,5.1,6.6,7,124.4,109.1
447,Nate Williams,Hou,*,G,26.1,10,6.9,24.9,19.8,4,0.75,20,0.6,12,0.25,0.516,0.533,3.6,0.6,0.4,0.4,0.3,0.8,4.2,4,4.6,5.5,92,102.3
448,Luka Garza,Min,*,C,26.2,30,6.2,25.4,10.4,29,0.655,56,0.607,30,0.233,0.517,0.547,3.6,1.6,0.3,0.2,0.1,0.3,5.2,3.9,5.5,7.7,114.1,100.3
449,Jae'Sean Tate,Hou,*,F,29.4,41,11.5,13.8,12.7,41,0.659,89,0.506,34,0.294,0.488,0.521,3.6,2.2,0.9,0.6,0.1,0.4,5.8,4.5,6.7,6.7,114.3,98.5
450,Landry Shamet,Nyk,*,G,28,29,11.4,13.4,12.1,7,0.429,35,0.657,52,0.346,0.575,0.572,3.6,0.8,0.6,0.4,0.1,0.4,4.3,4.1,4.9,4.2,108,113.9
451,Jaden Springer,Uta,*,G,22.4,6,11.1,14.2,24.6,6,0.667,8,0.5,7,0.429,0.567,0.595,3.5,1.2,1.5,0.5,0.2,0.8,4.7,5,6.2,6.7,112.6,114.6
452,Dario Saric,Den,*,F-C,30.9,15,13.5,15.5,19.9,10,0.7,30,0.4,26,0.269,0.402,0.43,3.5,3.3,1.5,0.5,0.1,0.9,6.7,4.9,8.2,7.7,94.9,108.1
453,Jamal Cain,Nor,*,F,26,24,11.9,13.1,12.5,20,0.65,29,0.552,41,0.293,0.486,0.514,3.4,2.1,0.6,0.5,0.3,0.4,5.5,4,6.1,5.5,108.2,114.1
454,A.J. Lawson,Tor,*,G,24.6,7,8.1,13.6,5.8,3,0.333,7,0.571,9,0.556,0.719,0.693,3.4,0.9,0.1,0,0.3,0.1,4.3,3.6,4.4,3.3,126.3,114.5
455,Drew Eubanks,Lac,*,F-C,28.1,8,9.5,14.5,8.6,6,0.833,20,0.55,1,0,0.524,0.571,3.4,3,0.4,0.1,0.4,0.3,6.4,3.8,6.8,6.7,127.5,112.7
456,Bruno Fernando,Tor,*,F-C,26.6,17,8.6,19.2,22.1,8,0.75,49,0.531,0,0,0.531,0.552,3.4,3,1.1,0.2,0.5,0.8,6.4,4.5,7.5,10.4,107.2,98
457,Damion Lee,Pho,*,G-F,32.4,16,6.3,29,11.8,17,0.941,26,0.462,26,0.192,0.375,0.462,3.4,0.9,0.5,0.3,0,0.4,4.3,3.9,4.8,7.3,93.3,116.5
458,Doug McDermott,Sac,*,F,33.2,33,8.2,15.1,6.4,5,0.6,13,0.385,75,0.44,0.619,0.621,3.4,0.5,0.1,0.1,0,0.2,3.9,3.5,4,2.7,116,111.2
459,Steven Adams,Hou,*,C,31.6,43,12.2,14.2,23.7,67,0.448,115,0.513,1,0,0.509,0.509,3.4,4.9,1.1,0.3,0.4,0.8,8.4,4.5,9.5,8.6,111.1,105.2
460,Oso Ighodaro,Pho,*,F,22.6,44,13.9,10.6,17.5,36,0.528,106,0.585,2,0,0.574,0.577,3.3,3,1,0.4,0.3,0.5,6.3,4.2,7.3,6.2,116.3,109.7
461,Nae'Qwan Tomlin,Cle,*,F,24.2,3,4.8,30.2,10.8,3,0.667,6,0.667,2,0,0.5,0.536,3.3,2,0,0,0,0.3,5.3,3.3,5.3,0,101.5,95.9
462,Cam Reddish,Lal,*,F-G,25.5,31,18.1,8.6,12.2,26,0.615,41,0.585,45,0.289,0.506,0.529,3.3,2,0.7,1,0.3,0.4,5.3,4.1,6.1,3.7,109.6,108.7
463,DeAndre Jordan,Den,*,C,36.6,46,11.5,12.4,23.7,37,0.405,106,0.651,0,0,0.651,0.626,3.3,4.7,0.8,0.3,0.4,0.7,8,4.1,8.8,8.1,117.8,103.4
464,Nicolas Batum,Lac,*,G-F,36.2,59,17,8.6,12,16,0.813,27,0.407,142,0.38,0.544,0.56,3.3,2.7,1.2,0.6,0.4,0.4,6.1,4.5,7.3,5.2,119.5,106.1
465,Jackson Rowe,Gol,*,F,28.2,5,8.5,17.4,6.2,4,0.5,6,0.667,9,0.222,0.467,0.477,3.2,1.6,0.6,0.6,0,0.2,4.8,3.8,5.4,6.8,100.5,102.5
466,Elijah Harkless,Uta,*,G,25.1,10,13.8,12.3,7.8,6,0.5,10,0.4,25,0.28,0.414,0.425,3.2,2.1,0.8,1,0.1,0.3,5.3,4,6.1,5.1,102.4,107.7
467,Wendell Moore Jr.,Det,,G,23.5,20,10.9,12.6,15.1,14,0.929,36,0.528,14,0.286,0.5,0.561,3.2,2.2,1.2,0.5,0.2,0.5,5.4,4.3,6.5,7.5,118.9,108.3
468,Moses Brown,Ind,,C,25.4,9,5.1,26.8,22.8,5,0.6,20,0.65,0,0,0.65,0.653,3.2,1.4,0,0.2,0.1,0.7,4.7,3.2,4.7,0,98.6,102.5
469,Jalen Pickett,Den,*,G,25.4,29,10.5,13.1,12.7,2,1,39,0.513,43,0.395,0.555,0.561,3.2,1.1,1.7,0.2,0.1,0.4,4.3,4.9,6,6.9,119.6,115.6
470,Jaylon Tyson,Cle,*,G-F,22.3,39,9.3,15,15.8,18,0.778,62,0.532,39,0.359,0.535,0.56,3.1,2,0.9,0.2,0.1,0.5,5.2,4.1,6.1,7.6,118.1,103.1
471,Trey Jemison,Lal,*,C,25.3,12,11.2,11.3,12.8,8,0.375,27,0.63,0,0,0.63,0.606,3.1,3,0.3,0.1,0.5,0.3,6.1,3.4,6.4,5,122.1,94.9
472,Dominick Barlow,Atl,*,F,21.8,19,8.1,14.8,3.9,10,0.6,35,0.543,14,0.357,0.541,0.552,3.1,1.6,0.2,0.2,0.4,0.1,4.7,3.3,4.9,4.9,116.2,111.2
473,JT Thor,Cle,*,F,22.5,9,4.7,24.5,28.1,8,0.875,9,0.667,6,0.5,0.7,0.756,3.1,0.7,0.1,0.2,0.3,0.7,3.8,3.2,3.9,5.1,113.8,101.2
474,Gary Harris,Orl,*,G,30.5,31,15.5,9.9,11.4,10,0.6,22,0.5,71,0.324,0.489,0.498,3.1,1.2,0.5,0.6,0.3,0.4,4.4,3.6,4.9,3.2,101.7,110
475,Alex Reese,Phi,*,F-C,25.8,1,4.1,10.7,0,0,0,0,0,1,1,1.5,1.5,3,0,0,0,0,0,3,3,3,0,300,127.1
476,Lamar Stevens,Mem,*,F,27.7,2,9.4,21.1,10.6,2,1,6,0.333,2,0,0.25,0.338,3,2.5,0,0.5,0,0.5,5.5,3,5.5,0,74.9,108.3
477,Craig Porter,Cle,*,G,25,39,8.9,13.9,21.2,13,0.769,55,0.6,30,0.467,0.635,0.65,3,1.1,1.4,0.3,0.3,0.6,4.2,4.4,5.5,7.5,121.9,111.4
478,Adem Bona,Phi,*,F,21.9,42,11,11.2,29.7,53,0.642,66,0.697,0,0,0.697,0.705,3,2.8,0.3,0.2,0.7,0.7,5.8,3.3,6.1,4.9,120.3,100.7
479,Taze Moore,Por,*,G,26.7,2,10,27.1,16.4,2,0.5,6,0.167,4,0.25,0.25,0.276,3,4,0.5,1,0,1,7,3.5,7.5,7.3,72.1,114.2
480,Kylor Kelley,Dal,*,C,27.5,8,8.3,10.7,7,6,0.667,13,0.769,0,0,0.769,0.767,3,2.6,0.3,0,0.3,0.1,5.6,3.3,5.9,6.4,158,105.3
481,Mason Jones,Sac,*,G,26.6,7,5,22.3,5.8,3,0.667,10,0.8,6,0.167,0.594,0.606,3,1.1,1.4,0,0,0.1,4.1,4.4,5.6,13.3,138.3,110.3
482,Zeke Nnaji,Den,*,F-C,24.2,40,9.3,12.1,6.2,21,0.571,59,0.661,32,0.313,0.593,0.599,3,1.5,0.3,0.3,0.5,0.2,4.5,3.3,4.8,4.8,124,107.1
483,Maxi Kleber,Dal,*,F,33.1,34,18.7,8.6,19.3,21,0.762,47,0.511,49,0.265,0.453,0.489,3,2.8,1.3,0.3,0.5,0.7,5.8,4.3,7.1,4.7,104.3,109.2
484,Taj Gibson,Cha,*,F,39.7,25,11.6,13.3,22.5,16,0.688,63,0.476,2,0.5,0.485,0.514,3,3.8,0.6,0.3,0.5,0.8,6.7,3.5,7.3,6.5,103.1,102.6
485,AJ Johnson,Mil,,G,20.3,7,6.3,23.7,17.2,2,0.5,14,0.357,5,0.6,0.5,0.503,2.9,1,1,0.1,0,0.6,3.9,3.9,4.9,9.1,94.9,116.1
486,Tyler Smith,Mil,*,F,20.3,15,5,24.2,14.9,4,0.5,14,0.643,20,0.4,0.618,0.615,2.9,1.3,0.3,0.1,0.2,0.4,4.2,3.2,4.5,8.3,106.6,102.8
487,Duop Reath,Por,*,C,28.7,30,6.3,18.2,9,12,0.833,23,0.652,47,0.34,0.557,0.584,2.9,1.2,0.3,0.1,0.2,0.2,4.1,3.3,4.5,6.4,119.3,110.7
488,Caleb Houstan,Orl,*,G,22.2,39,11.6,11.3,4.4,11,0.909,15,0.4,93,0.323,0.472,0.496,2.9,1,0.4,0.2,0.1,0.1,3.8,3.3,4.3,3.6,109.4,108.4
489,Jae Crowder,Sac,*,F,34.7,7,13.1,11,18.7,6,0.833,5,0.6,12,0.25,0.441,0.509,2.9,2.4,0.6,0.4,0,0.6,5.3,3.4,5.9,4.9,105.9,107
490,Branden Carlson,Okc,*,C,25.7,19,5.6,17,7.1,2,1,8,0.625,31,0.452,0.667,0.677,2.8,1.4,0.3,0.1,0.3,0.2,4.2,3.2,4.5,7.5,131.7,99.2
491,Jake LaRavia,Sac,*,F,23.3,9,15.3,13.2,22.4,6,0.333,12,0.333,19,0.263,0.371,0.372,2.8,2.4,1.2,0.6,0.2,1,5.2,4,6.4,5.2,86.8,108.1
492,Blake Wesley,San,*,G,22,37,8.3,17.8,23.9,27,0.667,65,0.554,24,0.208,0.489,0.52,2.8,0.6,1.8,0.4,0.1,0.8,3.5,4.6,5.3,7,103.6,115
493,TyTy Washington Jr.,Pho,*,G,23.3,10,9.3,19.4,7.6,4,0.75,18,0.444,18,0.167,0.347,0.371,2.8,1.2,1.2,0.3,0,0.3,4,4,5.2,6.8,91.6,120
494,Pat Spencer,Gol,*,G,28.7,28,7,21.9,13.5,15,0.733,66,0.455,17,0.118,0.398,0.43,2.8,1.4,1.3,0.4,0.1,0.5,4.2,4.1,5.5,9.8,100.5,106.3
495,Drew Peterson,Bos,*,F,25.3,16,8.3,11.5,18.5,7,0.857,6,0.667,20,0.45,0.673,0.705,2.6,1.7,0.7,0.2,0.1,0.4,4.3,3.3,4.9,7,130.6,104.3
496,AJ Johnson,Was,*,G,20.3,4,7.6,14.4,9.6,1,1,4,0.75,5,0.2,0.5,0.53,2.5,0.5,1.3,0.3,0,0.3,3,3.8,4.3,6.2,115.1,107.4
497,John Konchar,Mem,*,G,29,32,12.8,8.5,15.2,6,0.833,22,0.636,50,0.32,0.528,0.543,2.5,3.4,1,0.5,0.4,0.4,5.9,3.5,6.9,6.4,118.9,108.6
498,Delon Wright,Mil,,G,32.9,26,15.6,11.1,14.5,16,0.563,33,0.303,49,0.245,0.341,0.365,2.5,1.8,1.8,0.9,0.3,0.5,4.3,4.3,6.1,5.1,94.4,111.9
499,Trey Jemison,Nor,,C,25.3,16,10.4,13,23.7,21,0.381,32,0.469,0,0,0.469,0.461,2.4,2.8,0.6,0.4,0.4,0.6,5.1,3,5.8,6.1,99.6,105.1
500,Johnny Davis,Was,*,G,23,34,7.1,15.9,8.2,15,0.6,49,0.51,29,0.241,0.455,0.473,2.4,1.1,0.3,0.4,0.2,0.2,3.5,2.7,3.8,5.2,98.6,114.2
501,Kessler Edwards,Dal,*,F,24.6,31,11.6,10.1,10.8,3,1,44,0.545,30,0.267,0.486,0.498,2.4,2.4,0.9,0.4,0.4,0.3,4.8,3.4,5.7,6,112.3,106.9
502,Kobe Brown,Lac,*,F,25.2,26,7.4,14.4,11.2,5,0.8,36,0.611,19,0.211,0.509,0.524,2.3,1.9,0.6,0.2,0.1,0.3,4.2,2.9,4.8,7.5,113.6,105.6
503,Lester Quinones,Phi,*,G,24.3,4,4.3,32.2,32.2,1,1,5,0.8,3,0,0.5,0.533,2.3,1,0.3,0,0,1,3.3,2.5,3.5,8.2,84.1,125.2
504,Josh Minott,Min,*,F,22.3,36,6.4,16.2,10,13,0.846,40,0.625,32,0.219,0.493,0.528,2.3,1,0.4,0.3,0.3,0.2,3.3,2.7,3.7,6.1,109.2,101.1
505,Vlatko Cancar,Den,*,F,27.9,4,8.6,11,22.2,0,0,5,0.6,2,0.5,0.643,0.643,2.3,2,0,0,0.3,0.5,4.3,2.3,4.3,0,107,107.9
506,Rayan Rupert,Por,*,G-F,20.8,40,7.6,14.9,18.9,20,0.75,44,0.5,37,0.27,0.457,0.496,2.2,1.2,0.5,0.2,0.1,0.5,3.4,2.7,3.8,5.8,99.3,113.5
507,Christian Koloko,Lal,*,C,24.7,29,8.5,9.5,13.9,8,0.875,41,0.683,2,0,0.651,0.677,2.2,2.2,0.4,0.2,0.3,0.2,4.4,2.6,4.8,5.9,140.2,102.9
508,Kai Jones,Lac,,C-F,24.1,28,7.4,10.6,21.6,12,0.75,34,0.765,2,0,0.722,0.739,2.2,1.6,0.4,0.2,0.4,0.4,3.8,2.5,4.2,6.1,129.5,102.7
509,Torrey Craig,Bos,*,F,34.2,5,8.3,13.5,8.2,2,0.5,3,0.667,8,0.25,0.455,0.463,2.2,1.6,0.4,0,0.8,0.2,3.8,2.6,4.2,5.4,110.3,109.7
510,Cory Joseph,Orl,*,G,33.5,34,7.9,13.7,14.6,6,0.667,20,0.4,50,0.36,0.5,0.509,2.2,0.8,0.9,0.4,0.1,0.4,2.9,3,3.8,5.9,104.6,106.8
511,Hunter Tyson,Den,*,F,24.7,41,7.6,13.2,14.9,23,0.696,25,0.48,49,0.306,0.466,0.505,2.1,1.5,0.3,0.1,0.1,0.3,3.5,2.4,3.9,5.2,103,106.5
512,Dillon Jones,Okc,*,F,23.3,37,8.8,14.3,13.8,20,0.55,39,0.487,48,0.208,0.391,0.412,2.1,2,1,0.2,0.1,0.4,4.1,3.1,5.1,7.3,100.4,100.9
513,Pete Nance,Phi,*,F,25,7,9.8,10.2,0,2,0.5,3,0.333,12,0.333,0.467,0.472,2.1,1.4,0.4,0.1,0,0,3.6,2.6,4,4.3,112.2,106
514,Patrick Baldwin Jr.,Was,*,F,22.3,22,4.6,16.6,13.1,4,0.5,12,0.5,21,0.524,0.682,0.676,2.1,1,0.1,0.1,0.1,0.2,3.1,2.2,3.2,5.2,115.6,117.1
515,Orlando Robinson,Sac,,C,24.7,9,6.3,18,18.8,7,0.571,12,0.5,5,0.2,0.441,0.473,2.1,1.6,1,0.3,0.1,0.4,3.7,3.1,4.7,9.5,102.2,104.1
516,E.J. Liddell,Chi,*,F,24.2,7,4.7,16.4,16.1,2,1,2,1,8,0.375,0.65,0.689,2.1,0.7,0.4,0.1,0,0.3,2.9,2.6,3.3,7.1,122.5,95.7
517,Chris Duarte,Chi,*,G,27.7,17,4.4,17.1,3.7,8,0.75,11,0.545,15,0.4,0.577,0.61,2.1,1.2,0.5,0,0,0.1,3.3,2.6,3.8,9.8,135.1,111.5
518,Alex Reese,Okc,,F-G,25.8,1,1.9,22.3,0,0,0,1,1,0,0,1,1,2,1,0,0,0,0,3,2,3,0,0,0
519,Adama Sanogo,Chi,*,F,23.1,4,5.4,15.6,12.5,0,0,7,0.571,0,0,0.571,0.571,2,1.5,0.3,0,0,0.3,3.5,2.3,3.8,7.2,125.9,121.1
520,Reece Beekman,Bro,*,G,23.4,25,11.5,13.2,19.5,11,0.545,39,0.41,27,0.148,0.333,0.353,2,0.8,1.3,0.7,0.1,0.6,2.8,3.3,4.1,4.4,80.4,113.6
521,Jalen Hood-Schifino,Lal,*,G,21.7,2,7.1,9,41,2,1,1,1,0,0,1,1.064,2,0.5,0.5,0,0.5,0.5,2.5,2.5,3,4.5,151.4,99.4
522,Keion Brooks Jr.,Nor,*,F,24.6,2,4.9,16.1,0,4,0.5,1,1,1,0,0.5,0.532,2,1.5,0.5,0,0,0,3.5,2.5,4,9.3,129.9,111.9
523,Jared Rhoden,Tor,*,G,25.5,2,10.9,11.7,0,0,0,3,0.667,3,0,0.333,0.333,2,1,0,0,0.5,0,3,2,3,0,72.1,113.8
524,MarJon Beauchamp,Mil,,F,24.4,26,4.7,23.3,21.5,12,0.75,26,0.423,21,0.333,0.457,0.497,2,1.2,0.3,0.1,0,0.5,3.2,2.3,3.5,7.6,90.2,105.6
525,Jack McVeigh,Hou,*,G-F,28.7,7,4.1,20.2,7.1,0,0,3,0.333,10,0.4,0.538,0.538,2,0.6,0.1,0,0.1,0.1,2.6,2.1,2.7,4.8,110.7,113.6
526,Patty Mills,Lac,*,G,36.6,5,5.3,17.9,9.8,2,0.5,0,0,9,0.333,0.5,0.506,2,0,0.6,0.2,0,0.2,2,2.6,2.6,0,106,93.4
527,Pacome Dadiet,Nyk,*,F,19.6,14,6.8,13.8,6.8,3,0.667,10,0.3,17,0.353,0.444,0.459,1.9,1,0.4,0.2,0.1,0.1,2.9,2.2,3.2,5.4,97.2,112.5
528,Ariel Hukporti,Nyk,*,C,22.9,25,8.7,11.5,40.2,13,0.462,31,0.677,0,0,0.677,0.654,1.9,2,0.4,0,0.6,0.8,4,2.4,4.4,5.3,95,102.7
529,Jordan McLaughlin,Sac,,G,28.9,28,6.8,13.9,19.9,16,0.688,18,0.333,26,0.385,0.477,0.519,1.9,0.8,0.9,0.4,0,0.4,2.6,2.8,3.5,6.5,105.6,110.9
530,Cam Christie,Lac,*,G,19.6,6,5.2,20.6,14.1,2,0.5,4,0.5,8,0.25,0.417,0.427,1.8,1,0.3,0.3,0,0.3,2.8,2.2,3.2,6.3,85.7,105.6
531,Tyler Kolek,Nyk,*,G,23.9,29,5.1,17.2,15.9,6,1,19,0.368,28,0.393,0.5,0.534,1.8,0.5,0.8,0.2,0,0.3,2.3,2.6,3.1,7,109,110.2
532,Leonard Miller,Min,*,F,21.3,10,2.7,31.2,12.2,8,1,9,0.556,5,0,0.357,0.514,1.8,1.1,0,0.2,0.1,0.2,2.9,1.8,2.9,0,0,0
533,Lindy Waters III,Det,*,F,27.6,6,4.8,19.1,7.7,0,0,1,1,11,0.273,0.458,0.458,1.8,0.2,0.2,0.3,0,0.2,2,2,2.2,3.5,94.4,107.2
534,Anthony Gill,Was,*,F,32.4,39,5.6,12.3,11.7,30,0.633,29,0.586,16,0.375,0.578,0.61,1.8,0.8,0.2,0.2,0.1,0.2,2.6,2,2.8,4.7,118.3,115.2
535,Enrique Freeman,Ind,*,F,24.6,19,7.3,11.1,16.5,13,0.538,19,0.579,6,0.167,0.5,0.521,1.7,1,0.4,0.1,0.1,0.3,2.7,2.1,3.1,4.8,106.6,107.7
536,Jericho Sims,Mil,*,C,26.4,7,15.1,7.8,42.1,0,0,11,0.545,0,0,0.545,0.545,1.7,4.1,0.7,0,0.4,1.1,5.9,2.4,6.6,4.5,91.9,104.7
537,Jaden Springer,Bos,,G,22.4,26,5.4,14.6,10.4,21,0.714,15,0.4,19,0.316,0.441,0.52,1.7,0.9,0.4,0.5,0,0.2,2.7,2.1,3,6.3,113.8,97.9
538,Markieff Morris,Dal,,F,35.5,7,5.8,25.2,8.3,0,0,9,0.333,13,0.154,0.273,0.273,1.7,1.1,0.6,0.1,0.1,0.3,2.9,2.3,3.4,7.2,63.7,111.7
539,Armel Traore,Lal,*,F,22.1,9,7.4,16.5,13.6,7,0.286,12,0.5,7,0,0.316,0.317,1.6,1.7,0.1,0.4,0.2,0.3,3.2,1.7,3.3,3.5,65.3,103.5
540,Keshad Johnson,Mia,*,F,23.7,10,5.7,13.7,19.9,6,0.167,8,0.75,4,0.25,0.625,0.546,1.6,1.7,0.3,0.1,0.4,0.3,3.3,1.9,3.6,6.6,96.6,103.8
541,Johnny Furphy,Ind,*,G,20.2,39,6.5,12.2,13.3,9,1,25,0.4,33,0.333,0.457,0.5,1.6,1,0.3,0.3,0.2,0.2,2.6,1.8,2.9,4.8,106.1,108.9
542,Jericho Sims,Nyk,,C,26.4,39,10.8,7.5,31.2,13,0.615,46,0.609,0,0,0.609,0.619,1.6,3.3,0.6,0.2,0.3,0.5,4.9,2.2,5.5,5.4,121.9,105.8
543,Dwight Powell,Dal,*,F-C,33.6,37,8.2,7.1,24.1,31,0.645,27,0.704,1,1,0.732,0.732,1.6,2,0.8,0.3,0.5,0.2,3.7,2.4,4.5,6.7,150,102
544,Quincy Olivari,Lal,*,G,23.8,2,5.2,25.6,16.7,0,0,0,0,5,0.2,0.3,0.3,1.5,0,0.5,0,0,0.5,1.5,2,2,0,61.5,122.9
545,Jazian Gortman,Dal,*,G,22,16,3.5,22.5,17.7,4,0.5,12,0.417,11,0.364,0.478,0.485,1.5,0.3,0.4,0.1,0.1,0.3,1.8,1.9,2.2,6.5,0,0
546,Jordan Walsh,Bos,*,G,21,40,7.7,10.6,13,12,0.583,20,0.5,40,0.275,0.442,0.46,1.5,1.1,0.3,0.2,0.2,0.2,2.6,1.8,2.9,4.1,101.6,108.6
547,Adam Flagler,Okc,*,G,25.3,23,4.1,25.8,1.8,0,0,11,0.455,45,0.178,0.304,0.304,1.5,0.3,0,0.2,0.1,0,1.8,1.5,1.8,0,68.3,105.5
548,Matt Ryan,Nyk,*,F,27.9,19,3.6,22.3,8.7,2,1,12,0.333,19,0.316,0.419,0.439,1.5,0.4,0.2,0.1,0,0.2,1.9,1.6,2.1,5.5,0,0
549,Tristan Thompson,Cle,*,C-F,34,32,7.3,12.8,18,22,0.227,47,0.468,3,0,0.44,0.411,1.5,2.8,0.7,0,0.3,0.3,4.3,2.2,5,7.8,99.3,99.6
550,Alex Ducas,Okc,*,G,24.2,17,4.5,14,12,0,0,6,0.167,16,0.438,0.523,0.523,1.4,0.9,0.1,0.1,0,0.2,2.2,1.5,2.4,4.5,104.6,103.5
551,Bronny James,Lal,*,G,20.4,18,4.2,23.7,16.1,9,0.667,16,0.313,15,0.2,0.306,0.358,1.4,0.4,0.4,0.2,0.1,0.3,1.8,1.8,2.3,5.8,76,108.3
552,Bryce McGowens,Por,*,G,22.3,9,2.4,24.5,28.9,6,0.833,5,0.8,2,0,0.571,0.674,1.4,0.1,0.1,0.1,0,0.3,1.6,1.6,1.7,4,0,0
553,Colin Castleton,Mem,*,C,24.8,10,4.6,13.7,8.8,11,0.909,6,0.333,4,0,0.2,0.472,1.4,0.9,0,0.1,0.1,0.1,2.3,1.4,2.3,0,111,104.5
554,Alex Len,Sac,,C,31.7,36,7.2,9.6,21.1,13,0.538,35,0.6,6,0.167,0.549,0.557,1.4,1.8,0.8,0.2,0.5,0.3,3.2,2.3,4.1,7,123.2,103.1
555,Sidy Cissoko,San,,G,20.9,17,3.2,17.7,10,6,0.167,11,0.545,7,0.429,0.583,0.533,1.3,0.6,0.4,0.1,0,0.1,1.9,1.6,2.2,8.5,0,0
556,JD Davison,Bos,*,G,22.4,7,4.6,20.7,44.9,5,0.8,3,0.333,4,0.25,0.357,0.489,1.3,0.4,0.3,0.3,0,0.9,1.7,1.6,2,4.7,66.5,110.7
557,David Duke Jr.,San,*,G,25.4,4,4.4,21.3,12.2,2,0.5,6,0.333,1,0,0.286,0.317,1.3,0.8,0.8,0,0,0.3,2,2,2.8,8.6,77,114.2
558,Delon Wright,Nyk,*,G,32.9,3,4.3,12.7,0,4,0.5,1,1,1,0,0.5,0.532,1.3,0.3,0.7,0.3,0.3,0,1.7,2,2.3,6,130.8,117.6
559,Yuki Kawamura,Mem,*,G,23.8,20,3.2,18.1,15.2,6,0.667,6,0.667,16,0.25,0.455,0.487,1.2,0.4,0.7,0.1,0,0.2,1.6,1.9,2.3,8.7,0,0
560,Isaiah Crawford,Sac,*,F,23.3,6,4.1,12.1,0,2,0.5,4,0.75,2,0,0.5,0.509,1.2,1.2,0,0.2,0.2,0,2.3,1.2,2.3,0,105,109.3
561,Chris Livingston,Mil,*,F,21.4,12,4.8,15.7,27.3,6,0.667,9,0.556,4,0,0.385,0.448,1.2,1.6,0.1,0.3,0,0.4,2.8,1.3,2.8,4.8,87.3,103.5
562,Jordan McLaughlin,San,*,G,28.9,5,2.4,8.6,0,1,1,1,1,1,1,1.25,1.23,1.2,0,1.4,0.2,0,0,1.2,2.6,2.6,0,0,0
563,Colby Jones,Sac,*,G,22.8,24,5.4,10.8,21.2,0,0,16,0.438,10,0.4,0.5,0.5,1.1,1,0.3,0.3,0.3,0.3,2,1.4,2.3,5.1,97.8,107.2
564,Malachi Flynn,Cha,*,G,26.8,2,5.2,12.3,66.7,0,0,1,1,0,0,1,1,1,0,1,0,0,1,1,2,2,0,80,125.7
565,Yuri Collins,Gol,*,G,24,2,8.2,7.7,0,0,0,3,0.333,0,0,0.333,0.333,1,1.5,2,1,0,0,2.5,3,4.5,7,138,79.3
566,Jaylen Martin,Bro,,G,21.1,3,1.6,18.6,0,0,0,1,0,1,1,0.75,0.75,1,0,0,0,0,0,1,1,1,0,0,0
567,PJ Hall,Den,*,C,23,15,3.1,16.4,12.2,4,0.75,9,0.667,5,0,0.429,0.476,1,1.1,0.2,0,0.1,0.1,2.1,1.2,2.3,7.8,0,0
568,Reece Beekman,Gol,,G,23.4,2,2.1,10.2,0,0,0,1,1,0,0,1,1,1,0.5,0.5,0.5,0,0,1.5,1.5,2,12,0,0
569,Trey Alexander,Den,*,G,21.8,18,4.4,14.9,10.9,2,1,14,0.357,10,0.2,0.333,0.362,1,0.5,0.4,0.1,0.1,0.2,1.5,1.4,1.9,5.3,81.8,109.8
570,Maxwell Lewis,Bro,*,F,22.6,6,3.7,15.7,12.5,0,0,3,0,4,0.5,0.429,0.429,1,1.3,0.2,0,0,0.2,2.3,1.2,2.5,6.9,0,0
571,Jared Rhoden,Cha,,G,25.5,4,2.9,32.5,11.1,0,0,6,0.333,2,0,0.25,0.25,1,1,0.5,0.3,0,0.3,2,1.5,2.5,10.9,0,0
572,Elfrid Payton,Cha,*,G,31,6,20.6,9.6,25,0,0,21,0.143,0,0,0.143,0.143,1,2.2,3.3,1,0.5,1.2,3.2,4.3,6.5,3.8,61.8,108.5
573,Alex Len,Lal,*,C,31.7,4,10,5.5,0,0,0,5,0.4,0,0,0.4,0.4,1,2.3,0.5,0,0.3,0,3.3,1.5,3.8,4.2,118.1,106.4
574,Emoni Bates,Cle,*,F,21.1,7,3.9,21.7,0,0,0,3,0,11,0.182,0.214,0.214,0.9,0,0.6,0.1,0,0,0.9,1.4,1.4,0,0,0
575,Luke Travers,Cle,*,F,23.5,9,6.1,13.1,30.4,2,1,7,0.429,4,0,0.273,0.337,0.9,1.3,0.6,0.1,0.1,0.6,2.2,1.4,2.8,5.8,82.2,108.6
576,Xavier Tillman,Bos,*,F,26.1,28,7.2,11.7,20.7,2,0.5,18,0.333,24,0.167,0.286,0.292,0.9,1.4,0.3,0.3,0.2,0.4,2.3,1.1,2.5,4,66.8,105.3
577,Joe Ingles,Min,*,F-G,37.4,17,6.3,11.2,28.6,0,0,7,0.429,13,0.231,0.375,0.375,0.9,0.6,1.3,0.1,0,0.5,1.5,2.2,2.8,5.6,92.9,107.7
578,Jalen Bridges,Pho,*,F,23.8,5,5,15.6,48.7,2,0.5,0,0,4,0.25,0.375,0.41,0.8,0.6,0,0,0,0.8,1.4,0.8,1.4,0,42.7,124.4
579,Baylor Scheierman,Bos,*,G,24.4,15,6,13,3.9,4,0.75,9,0.333,15,0.067,0.188,0.233,0.8,1.3,0.5,0.2,0,0.1,2.1,1.3,2.6,5.4,73.8,105.6
580,D.J. Carton,Tor,*,G,24.6,4,8.4,14.5,35,1,1,4,0.25,3,0,0.143,0.202,0.8,1,0.8,0.5,0,1,1.8,1.5,2.5,4.1,42.5,116.6
581,Josh Christopher,Mia,*,G,23.2,8,3.5,20.5,35.7,4,0.5,6,0.333,1,0,0.286,0.342,0.8,0.4,0.5,0,0.1,0.5,1.1,1.3,1.6,6.2,0,0
582,PJ Dozier,Min,*,G-F,28.4,9,3.9,8.2,24.5,6,0.167,0,0,3,0.667,1,0.621,0.8,0.6,0.6,0.1,0,0.1,1.3,1.3,1.9,6.8,0,0
583,RayJ Dennis,Ind,*,G,23.9,7,2.2,25.2,35.5,2,1,1,0,4,0.25,0.3,0.425,0.7,0.6,0.3,0.3,0,0.4,1.3,1,1.6,9.1,0,0
584,Ulrich Chomche,Tor,*,C,19.2,7,4.6,10.4,27.7,2,0.5,5,0.4,0,0,0.4,0.425,0.7,1.1,0.3,0,0.1,0.3,1.9,1,2.1,5.3,95.6,105.6
585,Liam Robbins,Mil,*,C,25.6,13,4.4,14,42.2,10,0.5,6,0.333,2,0,0.25,0.363,0.7,0.9,0.2,0.2,0.2,0.5,1.6,0.8,1.8,4.6,78.6,100.1
586,James Johnson,Ind,*,F,38,11,3,17.7,30.8,1,0,6,0.667,3,0,0.444,0.424,0.7,0.5,0.4,0,0.2,0.4,1.2,1.1,1.5,6.9,0,0
587,Cui Yongxi,Bro,*,F,21.8,5,2.1,33.4,0,2,0.5,4,0.25,3,0,0.143,0.19,0.6,0.4,0,0,0,0,1,0.6,1,0,0,0
588,Tristen Newton,Ind,,G,23.9,5,1.6,39.9,13.4,1,1,3,0.333,3,0,0.167,0.233,0.6,0,0.2,0,0,0.2,0.6,0.8,0.8,0,0,0
589,Maxwell Lewis,Lal,,F,22.6,7,4.2,11.9,25,0,0,6,0.333,0,0,0.333,0.333,0.6,0.3,0.3,0.1,0,0.3,0.9,0.9,1.1,3.6,77.4,117.2
590,Stanley Umude,Mil,*,G,25.9,19,3.2,17.2,9,4,0.5,9,0.222,11,0.182,0.25,0.276,0.6,0.7,0.1,0.2,0.1,0.1,1.4,0.7,1.5,4.3,0,0
591,Garrett Temple,Tor,*,G-F,38.8,17,3.9,13.3,20.6,4,1,8,0.25,7,0.143,0.233,0.328,0.6,0.6,0.6,0.4,0.1,0.2,1.2,1.3,1.9,6.2,0,0
592,Spencer Jones,Den,*,F,23.7,12,2.8,13.9,18.2,0,0,3,0.333,6,0.167,0.278,0.278,0.4,0.5,0,0.3,0,0.2,0.9,0.4,0.9,0,0,0
593,Jacob Toppin,Nyk,*,F,24.8,16,3,10.7,16.7,0,0,8,0.375,2,0,0.3,0.3,0.4,0.7,0.3,0.1,0,0.1,1.1,0.6,1.3,5.8,0,0
594,Malevy Leons,Okc,*,F,25.4,6,3.5,9.6,31.1,4,0.5,1,0,1,0,0,0.266,0.3,0.5,0.2,0,0,0.2,0.8,0.5,1,3.6,0,0
595,Daishen Nix,Min,*,G,23.1,3,4.4,19.3,76.6,2,0.5,0,0,1,0,0,0.266,0.3,1.3,1,0,0,1.3,1.7,1.3,2.7,6.6,43.7,103.6
596,Emanuel Miller,Chi,*,F,24.7,1,2.4,0,0,0,0,0,0,0,0,0,0,0,0,0,0,0,0,0,0,0,0,0,0
597,Jahmir Young,Chi,*,G,24.4,1,2.4,0,0,0,0,0,0,0,0,0,0,0,1,1,0,0,0,1,1,2,0,0,0
598,Skal Labissiere,Sac,*,F-C,29,1,4.1,0,0,0,0,0,0,0,0,0,0,0,1,1,0,0,0,1,1,2,0,0,97.4
599,Vasilije Micic,Pho,*,G,31.1,1,1.6,0,0,0,0,0,0,0,0,0,0,0,0,0,0,0,0,0,0,0,0,0,0
600,Jesse Edwards,Min,*,C,25,2,2.4,0,0,0,0,0,0,0,0,0,0,0,0,0.5,0,0,0,0,0.5,0.5,0,0,0
601,Tony Bradley,Ind,*,C-F,27.2,2,1,0,0,0,0,0,0,0,0,0,0,0,0.5,0,0,0,0,0.5,0,0.5,0,0,0
602,Sidy Cissoko,Por,*,G,20.9,2,2.6,8.2,100,0,0,0,0,0,0,0,0,0,0,0,0,0,0.5,0,0,0,0,0,0
603,Daniss Jenkins,Det,*,G,23.5,5,2,21.3,20,0,0,0,0,4,0,0,0,0,0,0,0,0,0.2,0,0,0,0,0,0
604,Riley Minix,San,*,F,24.4,1,6.8,6.3,0,0,0,0,0,1,0,0,0,0,2,0,0,0,0,2,0,2,0,0,116.3
605,Zyon Pullin,Mem,*,G,24,3,0.9,15.3,0,0,0,1,0,0,0,0,0,0,0,0,0,0,0,0,0,0,0,0,0
606,Tristen Newton,Min,*,G,23.9,3,2.7,16.2,33.3,0,0,2,0,0,0,0,0,0,1.3,0.3,0.3,0,0.3,1.3,0.3,1.7,0,0,0
607,Jaylen Martin,Was,*,G,21.1,1,1.7,49.3,0,0,0,2,0,0,0,0,0,0,2,0,0,0,0,2,0,2,0,0,0
608,Bobi Klintman,Det,*,F,22,6,2.9,7.3,33.3,0,0,1,0,1,0,0,0,0,0.7,0.2,0,0.2,0.2,0.7,0.2,0.8,0,0,0
609,Cole Swider,Det,*,F,25.8,2,6.6,16.1,0,0,0,0,0,5,0,0,0,0,1,0.5,0,0,0,1,0.5,1.5,0,15.2,110.3
610,Justin Minaya,Por,*,F,25.9,6,2.9,2.4,0,0,0,1,0,0,0,0,0,0,0.5,0.3,0.2,0,0,0.5,0.3,0.8,0,0,0
611,Harrison Ingram,San,*,F,22.3,2,5.3,8.1,0,0,0,1,0,1,0,0,0,0,1,0,0,0,0,1,0,1,0,0,109.3
612,Mac McClung,Orl,*,G,26.2,1,4.9,0,0,0,0,0,0,0,0,0,0,0,1,2,0,0,0,1,2,3,0,0,115
613,Jalen McDaniels,Was,*,F,27.1,4,1.9,0,0,0,0,0,0,0,0,0,0,0,0,0.3,0.3,0,0,0,0.3,0.3,0,0,0
614,Chuma Okeke,Phi,*,F,26.5,1,2.2,0,0,0,0,0,0,0,0,0,0,0,1,0,0,0,0,1,0,1,0,0,0
615,Marvin Bagley III,Mem,*,F,26,1,1.5,0,0,0,0,0,0,0,0,0,0,0,0,0,0,0,0,0,0,0,0,0,0
616,Jahlil Okafor,Ind,*,C-F,29.2,1,3.4,0,0,0,0,0,0,0,0,0,0,0,1,1,0,0,0,1,1,2,0,0,0