"Date","Apple","Samsung","LG","Motorola","Unknown","RIM","HTC","Google","Nokia","ZTE","Huawei","Alcatel","Xiaomi","Sony","OnePlus","Kyocera","Lenovo","Oppo","T-Mobile","Nintendo","Pantech","Vivo","Coolpad","Asus","Realme","Palm","Micromax","Infinix","Mobicel","Blu","Sumsung","Tecno","HP","Casio","RCA","TCL","Sharp","Unimax","Acer","Honor","General Mobile","AT&T","BBK","Other"
2010-04,51.65,2.47,0.43,0.33,0,36.3,0.07,0.31,1.09,0,0,0,0,2.45,0,0,0,0,2.62,0.56,0,0,0,0,0,1.67,0,0,0,0,0,0,0,0,0,0,0,0,0,0,0,0,0,0.03
2010-05,51.14,3.74,0.07,0.04,0,36.78,0,0.3,1.17,0,0,0,0,2.23,0,0,0,0,2.2,0.54,0,0,0,0,0,1.76,0,0,0,0,0,0,0,0,0,0,0,0,0,0,0,0,0,0.03
2010-06,48.89,3.84,0.06,0.03,0,38.77,0,0.31,1.43,0,0,0,0,2.37,0,0,0,0,1.88,0.59,0,0,0,0,0,1.81,0,0,0,0,0,0,0,0,0,0,0,0,0,0,0,0,0,0.03
2010-07,46.7,4.22,0.3,0.29,0,40.3,0.05,0.31,1.77,0,0,0,0,2.07,0,0,0,0,1.56,0.57,0,0,0,0,0,1.83,0,0,0,0,0,0,0,0,0,0,0,0,0,0,0,0,0,0.02
2010-08,45.15,4.65,0.31,0.31,0,42.52,0.05,0.27,1.65,0,0,0,0,1.64,0,0,0,0,1.23,0.56,0,0,0,0,0,1.66,0,0,0,0,0,0,0,0,0,0,0,0,0,0,0,0,0,0.01
2010-09,48.19,6.45,0.27,0.31,0,38.06,0.05,0.27,1.73,0,0,0,0,1.46,0,0,0,0,1.17,0.42,0,0,0,0,0,1.61,0,0,0,0,0,0,0,0,0,0,0,0,0,0,0,0,0,0.01
2010-10,45.57,6.59,0.2,0.26,0,41.48,0.03,0.22,1.71,0,0,0,0,1.26,0,0,0,0,0.93,0.35,0,0,0,0,0,1.38,0,0,0,0,0,0,0,0,0,0,0,0,0,0,0,0,0,0.01
2010-11,41.48,6.55,0.17,3.42,0,43.23,0.02,0.18,1.51,0,0,0,0,1.19,0,0,0,0,0.72,0.34,0,0,0,0,0,1.18,0,0,0,0,0,0,0,0,0,0,0,0,0,0,0,0,0,0.01
2010-12,42.79,6.73,0.15,4.29,0,41.03,0.02,0.16,1.5,0,0,0,0,1.29,0,0,0,0,0.59,0.38,0,0,0,0,0,1.06,0,0,0,0,0,0,0,0,0,0,0,0,0,0,0,0,0,0
2011-01,45.76,6.63,0.16,3.82,0,36.27,0.11,0.14,3.87,0,0,0,0,1.41,0,0,0,0,0.47,0.41,0,0,0,0,0,0.94,0,0,0,0,0,0,0,0,0,0,0,0,0,0,0,0,0,0
2011-02,49.61,7.17,0.18,3.73,0,31.55,0.24,0.15,4.27,0,0,0,0,1.44,0,0,0,0,0.4,0.38,0,0,0,0,0,0.88,0,0,0,0,0,0,0,0,0,0,0,0,0,0,0,0,0,0
2011-03,54.33,7.54,0.18,3.65,0,28.78,0.31,0.16,2.11,0,0,0,0,1.31,0,0,0,0,0.35,0.43,0,0,0,0,0,0.83,0,0,0,0,0,0,0,0,0,0,0,0,0,0,0,0,0,0
2011-04,50.78,7.17,0.17,2.98,0,32.18,0.34,0.13,3.51,0,0,0,0,1.32,0,0,0,0,0.32,0.41,0,0,0,0,0,0.7,0,0,0,0,0,0,0,0,0,0,0,0,0,0,0,0,0,0
2011-05,47.45,7.74,0.15,2.58,0,32.65,0.32,0.11,5.67,0,0,0,0,1.26,0,0,0,0,1.15,0.34,0,0,0,0,0,0.58,0,0,0,0,0,0,0,0,0,0,0,0,0,0,0,0,0,0
2011-06,51.59,9.27,0.16,2.47,0,23.78,0.35,0.12,8.58,0,0,0,0,1.54,0,0,0,0,1.19,0.39,0,0,0,0,0,0.55,0,0,0,0,0,0,0,0,0,0,0,0,0,0,0,0,0,0
2011-07,55.95,9.26,0.15,2.2,0,23,0.41,0.19,5.55,0,0,0,0,1.25,0,0,0,0,1.12,0.41,0,0,0,0,0,0.5,0,0,0,0,0,0,0,0,0,0,0,0,0,0,0,0,0,0
2011-08,57.72,10.53,0.16,2.18,0,20.97,0.49,0.45,4.38,0,0,0,0,1.25,0,0,0,0,0.93,0.44,0,0,0,0,0,0.51,0,0,0,0,0,0,0,0,0,0,0,0,0,0,0,0,0,0
2011-09,60.18,10.68,0.16,1.94,0,18.77,0.59,0.54,4.79,0,0,0,0,1.19,0,0,0,0,0.28,0.39,0,0,0,0,0,0.49,0,0,0,0,0,0,0,0,0,0,0,0,0,0,0,0,0,0
2011-10,57.33,10.68,2.47,1.63,0,14.36,5.73,0.57,4.57,0,0,0,0,1.24,0,0,0,0,0.63,0.4,0,0,0,0,0,0.39,0,0,0,0,0,0,0,0,0,0,0,0,0,0,0,0,0,0
2011-11,58.69,10.68,2.88,1.84,0,10.43,6.36,0.53,6.39,0,0,0,0,1.16,0,0,0,0,0.35,0.35,0,0,0,0,0,0.33,0,0,0,0,0,0,0,0,0,0,0,0,0,0,0,0,0,0
2011-12,58.78,11.56,3.08,1.85,0,9.04,6.32,0.54,6.48,0,0,0,0,1.22,0,0,0,0,0.3,0.55,0,0,0,0,0,0.28,0,0,0,0,0,0,0,0,0,0,0,0,0,0,0,0,0,0
2012-01,62.71,12.27,3.31,1.62,0,8.08,6.27,0.54,2.9,0,0,0,0,1.12,0,0,0,0,0.26,0.7,0,0,0,0,0,0.23,0,0,0,0,0,0,0,0,0,0,0,0,0,0,0,0,0,0
2012-02,64.6,13,3.24,1.42,0,7.14,6.13,0.51,2.04,0,0,0,0,0.95,0,0,0,0,0.23,0.54,0,0,0,0,0,0.2,0,0,0,0,0,0,0,0,0,0,0,0,0,0,0,0,0,0
2012-03,52.22,10.25,2.55,0.98,20.19,5.33,4.58,0.42,1.65,0,0.19,0,0,0.83,0,0,0,0,0.15,0.54,0,0,0,0,0,0.12,0,0,0,0,0,0,0,0,0,0,0,0,0,0,0,0,0,0
2012-04,46.85,10.25,2.77,3.14,20.67,4.11,6.63,0.64,1.92,0.18,1.08,0,0,0.72,0,0,0,0,0.11,0.55,0.17,0,0,0,0,0.1,0,0,0,0,0,0,0,0.07,0,0,0,0,0,0,0,0,0,0.04
2012-05,48.04,12.44,3.89,7.4,4.97,3.97,11.64,0.71,2.52,0.73,1.21,0.01,0,0.72,0,0.14,0,0,0.1,0.58,0.53,0,0,0,0,0.08,0,0,0,0,0,0,0,0.18,0,0,0,0,0,0,0,0,0,0.11
2012-06,50.21,12.44,3.8,7.66,2.92,3.65,11.31,0.78,2.51,0.88,1.3,0.01,0,0.72,0,0.19,0,0,0.09,0.58,0.56,0,0,0,0,0.07,0,0,0,0,0,0,0,0.18,0,0,0,0,0,0,0,0,0,0.12
2012-07,50.45,12.65,3.97,7.6,3.28,3.24,11.07,0.81,1.94,0.93,1.38,0.02,0,0.74,0,0.17,0,0,0.08,0.69,0.6,0,0,0,0,0.06,0.01,0,0,0,0,0,0,0.19,0,0,0,0,0,0,0,0,0,0.11
2012-08,50.4,12.92,3.99,7.54,3.44,2.85,10.79,0.86,1.99,0.97,1.41,0.02,0,0.71,0,0.15,0,0,0.07,0.71,0.65,0,0,0,0,0.05,0.01,0,0,0,0,0,0,0.2,0,0,0,0,0.17,0,0,0,0,0.1
2012-09,50.46,13.31,4.05,7.57,3.58,2.65,10.43,0.89,1.96,1.01,1.45,0.02,0,0.59,0,0.19,0,0,0.06,0.6,0.67,0,0,0,0,0.05,0.02,0,0,0,0,0,0,0.19,0,0,0,0,0.17,0,0,0,0,0.09
2012-10,50.75,13.6,3.94,7.08,3.91,2.4,9.62,0.84,2.94,0.98,1.42,0.02,0,0.55,0,0.22,0,0,0.05,0.53,0.63,0,0,0,0,0.04,0.03,0,0,0,0,0,0,0.19,0,0,0,0,0.17,0,0,0,0,0.08
2012-11,50.66,14.08,3.89,6.61,4.44,2.24,8.77,0.79,3.53,0.97,1.52,0.02,0,0.53,0,0.28,0,0,0.04,0.54,0.6,0,0,0,0,0.03,0.04,0,0,0,0,0,0,0.18,0,0,0,0,0.16,0,0,0,0,0.08
2012-12,50.49,14.86,3.76,6.26,5.23,1.91,8.07,0.78,3.76,0.93,1.49,0.02,0,0.5,0,0.36,0,0,0.04,0.5,0.56,0,0,0,0,0.03,0.05,0,0,0,0,0,0,0.17,0,0,0,0,0.17,0,0,0,0,0.07
2013-01,52.7,14.52,3.65,5.82,5.77,1.72,7.36,0.75,3.02,0.88,1.44,0.02,0,0.44,0,0.4,0,0,0.03,0.49,0.52,0,0,0,0,0.02,0.04,0,0,0,0,0,0,0.17,0,0,0,0,0.19,0,0,0,0,0.06
2013-02,53.48,14.74,3.83,5.46,5.79,1.62,6.77,0.71,3.01,0.9,1.41,0.03,0,0.42,0,0.41,0,0,0.03,0.47,0.49,0,0,0,0,0.02,0.04,0,0,0,0,0,0,0.15,0,0,0,0,0.18,0,0,0,0,0.05
2013-03,52.5,17.44,4.05,5.71,4.03,1.5,6.45,0.87,2.78,0.99,1.4,0.03,0,0.43,0,0.44,0,0,0.02,0.54,0.47,0,0,0,0,0.02,0.04,0,0,0,0,0,0,0.15,0,0,0,0,0.08,0,0,0,0,0.05
2013-04,53.51,17.78,4.08,5.54,3.95,1.44,6.15,0.92,2.07,0.99,1.34,0.03,0,0.41,0,0.45,0,0,0.02,0.55,0.46,0,0,0,0,0.02,0.04,0,0,0,0,0,0,0.14,0,0,0,0,0.05,0,0,0,0,0.04
2013-05,54.23,18.17,4.03,5.26,3.91,1.4,5.83,0.94,1.89,1.01,1.32,0.03,0,0.4,0,0.46,0,0,0.02,0.39,0.44,0,0,0,0,0.01,0.03,0,0,0,0,0,0,0.13,0,0,0,0,0.05,0,0,0,0,0.04
2013-06,54.84,18.3,4.01,4.94,3.89,1.39,5.46,0.95,1.8,1.01,1.35,0.03,0,0.41,0,0.5,0,0,0.02,0.43,0.42,0,0,0,0,0.01,0.04,0,0,0,0,0,0,0.12,0,0,0,0,0.04,0,0,0,0,0.03
2013-07,53.85,18.24,4.13,4.64,3.67,3.53,5.13,0.94,1.51,1.02,1.32,0.03,0,0.35,0,0.49,0,0,0.02,0.4,0.45,0,0,0,0,0.01,0.04,0,0,0,0,0,0,0.12,0,0,0,0,0.04,0,0,0,0,0.07
2013-08,52.16,18.99,4.23,4.31,3.75,5.11,4.84,0.94,1.47,1.03,1.25,0.03,0,0.35,0,0.5,0.01,0,0.02,0.3,0.43,0,0,0,0,0.01,0.05,0,0,0,0,0,0,0.11,0,0,0,0,0.04,0,0,0,0,0.07
2013-09,51.89,19.61,4.06,4.06,3.76,5.71,4.64,0.84,1.66,0.92,1.16,0.03,0,0.28,0,0.46,0.01,0,0.01,0.23,0.4,0,0,0,0,0.01,0.07,0,0,0,0,0,0,0.09,0,0,0,0,0.04,0,0,0,0,0.05
2013-10,51.48,19.86,4.12,3.95,3.98,5.85,4.41,0.8,1.81,0.9,1.19,0.04,0,0.24,0,0.47,0.01,0,0.01,0.21,0.39,0,0,0,0,0.01,0.08,0,0,0,0,0,0,0.09,0,0,0,0,0.04,0,0,0,0,0.04
2013-11,51.58,20.48,4.34,3.86,3.82,5.38,4.28,0.74,1.84,0.88,1.16,0.05,0,0.21,0,0.48,0.01,0,0.01,0.2,0.36,0,0,0,0,0.01,0.09,0,0,0,0,0,0.02,0.08,0,0,0,0,0.04,0,0,0,0,0.06
2013-12,51.7,20.76,4.35,3.56,4.19,5.07,3.99,0.71,2.06,0.88,1.09,0.08,0,0.18,0,0.48,0.02,0,0.01,0.15,0.33,0,0,0,0,0.01,0.13,0,0,0,0,0,0.06,0.08,0,0,0,0,0.04,0,0,0,0,0.06
2014-01,54.48,20.4,4.15,3.27,4.24,3.86,3.55,0.69,1.94,0.83,1,0.11,0,0.19,0,0.47,0.02,0,0.01,0.13,0.29,0,0,0,0,0.01,0.12,0,0,0,0,0,0.09,0.07,0,0,0,0,0.04,0,0,0,0,0.05
2014-02,52.83,22.97,4.46,3.6,3.08,3.01,3.33,0.83,2.1,0.82,0.99,0.33,0.04,0.38,0,0.46,0.04,0,0.01,0.11,0.26,0,0.01,0,0,0.01,0.1,0,0,0,0,0,0.08,0.06,0,0,0,0,0.04,0,0.01,0,0,0.05
2014-03,52.99,23.6,4.54,3.82,2.72,1.94,3.13,0.86,2.6,0.84,0.92,0.45,0,0.45,0,0.42,0.03,0,0.01,0.1,0.23,0,0,0,0,0,0.1,0,0,0,0,0,0.07,0.06,0,0,0,0,0.03,0,0.02,0,0,0.04
2014-04,52.46,24.04,4.6,3.76,2.65,1.67,3.08,0.93,2.73,1,0.9,0.53,0.01,0.49,0,0.42,0.03,0,0.01,0.1,0.21,0,0,0,0,0,0.12,0,0,0,0,0,0.07,0.05,0,0,0,0,0.03,0,0.05,0,0,0.04
2014-05,51.12,25.33,4.71,3.72,2.6,1.6,3.06,0.93,2.82,1.05,0.88,0.55,0.01,0.51,0,0.41,0.04,0,0,0.09,0.19,0,0,0,0,0,0.13,0,0,0,0,0,0.07,0.05,0,0,0,0,0.03,0,0.05,0,0,0.04
2014-06,51.31,25.65,4.72,3.74,2.5,1.59,3.02,0.93,2.63,1,0.82,0.54,0,0.48,0,0.39,0.04,0,0.01,0.09,0.17,0,0,0,0,0,0.14,0,0,0,0,0,0.08,0.04,0,0,0,0,0.03,0,0.03,0,0,0.04
2014-07,51.47,25.81,4.78,3.68,2.47,1.54,2.98,0.96,2.62,0.87,0.73,0.52,0.01,0.5,0,0.37,0.05,0,0.01,0.09,0.15,0,0,0,0,0,0.15,0,0,0,0,0,0.08,0.04,0,0,0,0,0.03,0,0.03,0,0,0.04
2014-08,51.37,26.44,5.03,3.65,2.44,1.28,2.77,0.88,2.48,0.83,0.69,0.52,0.01,0.46,0,0.48,0.06,0,0.01,0.07,0.14,0,0,0,0,0,0.17,0,0,0,0,0,0.07,0.03,0,0,0,0,0.03,0,0.03,0,0,0.04
2014-09,53.3,25.97,4.97,3.59,2.18,1.16,2.61,0.82,2.14,0.75,0.58,0.47,0.01,0.4,0.01,0.45,0.06,0,0,0.05,0.13,0,0,0,0,0,0.15,0,0,0,0,0,0.06,0.03,0,0,0,0,0.02,0,0.02,0,0,0.04
2014-10,55.22,25.44,5.18,3.34,1.86,0.95,2.47,0.76,1.68,0.82,0.51,0.44,0.01,0.42,0.02,0.41,0.06,0,0,0.05,0.1,0,0,0,0,0,0.09,0,0,0,0,0,0.05,0.02,0,0,0,0,0.02,0,0.03,0,0,0.03
2014-11,51,27.75,5.98,3.51,2.17,1.06,2.63,0.78,1.54,0.97,0.58,0.47,0.02,0.44,0.04,0.52,0.08,0.01,0,0.08,0.11,0,0,0.01,0,0,0.05,0,0,0,0,0,0.06,0.02,0,0,0.01,0,0.02,0,0.04,0,0,0.03
2014-12,49.54,28.64,6.28,3.78,2.13,0.9,2.77,0.71,1.57,0.94,0.53,0.6,0.02,0.4,0.05,0.56,0.08,0.01,0,0.07,0.1,0,0.01,0.02,0,0,0.05,0,0,0,0,0,0.06,0.02,0.03,0,0.06,0,0.02,0,0.02,0,0,0.03
2015-01,51.38,26.67,6.34,3.57,1.9,0.82,2.75,0.74,1.71,0.94,0.51,0.81,0.02,0.44,0.07,0.57,0.09,0.01,0,0.07,0.09,0,0.01,0.03,0,0,0.06,0,0,0,0,0,0.07,0.02,0.16,0,0.08,0,0.02,0,0.02,0,0,0.03
2015-02,52.18,25.86,6.44,3.52,1.79,0.75,2.78,0.73,1.68,0.98,0.47,0.81,0.02,0.46,0.08,0.57,0.12,0.01,0.01,0.07,0.08,0,0.01,0.04,0,0,0.06,0,0,0,0,0,0.07,0.02,0.23,0,0.1,0,0.02,0,0.02,0,0,0.03
2015-03,52.59,25.64,6.41,3.48,1.85,0.72,2.82,0.76,1.58,1.02,0.42,0.77,0.03,0.46,0.09,0.56,0.1,0.01,0,0.07,0.07,0,0.02,0.04,0,0,0.07,0,0,0,0,0,0.06,0.01,0.18,0,0.1,0,0.02,0,0.02,0,0,0.03
2015-04,49.5,27.18,6.79,3.75,2.08,0.58,2.92,0.92,1.78,1.12,0.51,0.84,0.04,0.52,0.11,0.6,0.11,0.01,0,0.05,0.07,0,0.02,0.05,0,0,0.07,0,0,0,0,0,0.06,0.01,0.11,0,0.11,0,0.02,0,0.03,0,0,0.04
2015-05,48.64,27.5,6.84,3.75,2.16,0.47,2.95,1.03,1.74,1.2,0.53,0.95,0.11,0.58,0.12,0.62,0.14,0.05,0.01,0.04,0.06,0,0.03,0.05,0,0,0.07,0,0,0,0,0,0.06,0.01,0.11,0,0.11,0,0.02,0,0.02,0,0,0.04
2015-06,49.38,26.69,6.73,3.62,2.27,0.33,2.77,0.98,1.57,1.17,0.72,0.96,0.6,0.58,0.12,0.61,0.14,0.15,0.01,0.04,0.05,0,0.03,0.05,0,0,0.07,0,0,0,0,0,0.06,0.01,0.11,0,0.11,0,0.02,0,0.02,0,0,0.03
2015-07,50.68,25.91,6.44,3.57,2.48,0.38,2.62,1.13,1.51,1.13,0.73,0.91,0.41,0.56,0.11,0.57,0.15,0.16,0,0.04,0.05,0,0.03,0.04,0,0,0.07,0,0,0,0,0,0.06,0.01,0.1,0,0.11,0,0.01,0,0.02,0,0,0.03
2015-08,51.17,26.14,6.48,3.58,2.52,0.34,2.47,0.81,1.39,1.11,0.71,0.82,0.43,0.5,0.1,0.55,0.16,0.13,0,0.03,0.05,0,0.03,0.06,0,0,0.08,0,0,0,0,0,0.05,0.01,0.08,0,0.1,0,0.01,0,0.02,0,0,0.04
2015-09,50.37,27.34,6.85,3.68,2.48,0.3,2.5,0.77,1.38,1.15,0.49,0.79,0.05,0.45,0.11,0.55,0.15,0.02,0,0.03,0.04,0,0.03,0.07,0,0,0.08,0,0,0,0,0,0.05,0.01,0.07,0,0.1,0,0.01,0,0.02,0,0,0.05
2015-10,50.09,27.38,6.95,3.67,2.51,0.34,2.5,0.89,1.4,1.12,0.51,0.73,0.06,0.45,0.11,0.51,0.17,0.02,0,0.04,0.04,0,0.03,0.08,0,0,0.09,0,0,0,0,0,0.05,0.01,0.07,0,0.09,0,0.01,0,0.03,0,0,0.05
2015-11,51.64,26.83,6.76,3.57,2.62,0.28,2.42,0.81,1.23,1.02,0.45,0.63,0.05,0.39,0.1,0.46,0.17,0.02,0,0.03,0.04,0,0.02,0.08,0,0,0.08,0,0,0,0,0,0.05,0.01,0.07,0,0.08,0,0.01,0,0.02,0,0,0.04
2015-12,51.86,26.25,6.62,3.36,3.2,0.37,2.42,1.02,1.23,0.92,0.44,0.56,0.05,0.43,0.1,0.42,0.19,0.01,0,0.02,0.03,0,0.02,0.12,0,0,0.09,0,0,0,0,0,0.05,0.01,0.06,0,0.08,0,0.01,0,0.01,0,0,0.03
2016-01,52.9,26.14,6.42,3.27,3.48,0.24,2.25,0.86,0.98,0.83,0.47,0.49,0.09,0.34,0.09,0.37,0.19,0.05,0,0.02,0.03,0,0.02,0.13,0,0,0.1,0,0,0,0,0,0.05,0.01,0.06,0,0.07,0,0.01,0,0.01,0,0,0.03
2016-02,53.37,26.47,6.4,3.28,3.05,0.24,2.16,0.79,0.89,0.76,0.52,0.45,0.12,0.33,0.08,0.34,0.2,0.07,0,0.02,0.03,0,0.02,0.11,0,0,0.09,0,0,0,0,0,0.05,0.01,0.05,0,0.06,0,0.01,0,0.01,0,0,0.03
2016-03,52.16,27.54,7.01,3.43,2.19,0.21,2.02,0.81,0.75,0.94,0.66,0.58,0.2,0.33,0.08,0.31,0.21,0.1,0,0.02,0.03,0,0.02,0.11,0,0,0.08,0,0,0,0,0,0.05,0.01,0.05,0,0.05,0,0.01,0,0.02,0,0,0.04
2016-04,52.42,27.39,7,3.34,2.46,0.22,1.95,0.89,0.69,0.9,0.62,0.57,0.11,0.34,0.08,0.29,0.23,0.03,0,0.02,0.02,0,0.02,0.1,0,0,0.08,0,0,0,0,0,0.05,0.01,0.05,0,0.05,0,0.01,0,0.02,0,0,0.04
2016-05,52.78,26.95,6.93,3.24,2.76,0.24,1.91,0.9,0.67,0.86,0.66,0.57,0.08,0.34,0.08,0.26,0.26,0.03,0,0.02,0.02,0,0.02,0.11,0,0,0.08,0,0,0,0,0,0.05,0.01,0.04,0,0.04,0,0.01,0,0.02,0,0,0.04
2016-06,53.67,26.68,6.72,3.15,2.73,0.2,1.83,1.15,0.59,0.81,0.64,0.53,0.06,0.31,0.08,0.25,0.21,0.02,0,0.02,0.02,0,0.02,0.1,0,0,0.04,0,0,0,0,0,0.04,0.01,0.04,0,0.04,0,0.01,0,0.02,0,0,0.03
2016-07,52.41,26.25,6.5,3.09,2.81,0.17,1.72,3.41,0.51,0.76,0.64,0.51,0.05,0.29,0.08,0.23,0.2,0.02,0,0.02,0.02,0,0.02,0.09,0,0,0.03,0,0,0,0,0,0.04,0.01,0.04,0,0.04,0,0.01,0,0.01,0,0,0.03
2016-08,54.47,26.51,6.38,3.1,3.05,0.17,1.65,1.04,0.47,0.73,0.66,0.49,0.06,0.3,0.08,0.21,0.22,0.02,0,0.02,0.02,0,0.02,0.1,0,0,0.05,0,0,0,0,0,0.04,0.01,0.04,0,0.03,0,0.01,0,0.01,0,0,0.04
2016-09,51.72,26.58,6.04,3.26,5.06,0.17,1.62,0.98,0.58,0.65,0.78,0.47,0.16,0.39,0.1,0.19,0.51,0.03,0,0.02,0.02,0,0.03,0.15,0,0,0.28,0,0,0,0,0,0.04,0.01,0.03,0,0.03,0,0,0,0.02,0,0.01,0.1
2016-10,54.77,26.15,6.17,3.1,3.16,0.16,1.54,1.02,0.57,0.84,0.65,0.46,0.06,0.28,0.07,0.18,0.31,0.02,0,0.02,0.02,0,0.05,0.1,0,0,0.06,0,0,0,0,0,0.04,0,0.03,0,0.05,0,0,0,0.02,0,0,0.08
2016-11,53.83,27.53,6.67,3.1,1.72,0.14,1.46,1,0.44,1.24,0.61,0.56,0.08,0.27,0.11,0.3,0.26,0.02,0,0.03,0.02,0,0.17,0.09,0,0,0.05,0,0,0.02,0,0,0.03,0,0.04,0,0.04,0,0.01,0,0.02,0,0.02,0.15
2016-12,53.7,27.33,7.13,3.01,1.15,0.13,1.39,1.06,0.35,1.52,0.6,0.8,0.06,0.27,0.13,0.4,0.23,0.03,0,0.02,0.01,0,0.18,0.09,0,0,0.03,0.01,0,0.07,0,0,0.03,0,0.05,0,0.03,0,0.01,0,0.02,0,0.01,0.15
2017-01,53.89,27.3,7.09,3.06,0.98,0.14,1.34,1.01,0.31,1.59,0.59,0.86,0.07,0.25,0.13,0.37,0.23,0.03,0,0.02,0.01,0,0.17,0.1,0,0,0.03,0.01,0,0.08,0,0,0.03,0,0.05,0,0.02,0,0.01,0,0.02,0,0.01,0.19
2017-02,54.01,27.14,7.08,3.11,0.86,0.13,1.26,1.04,0.28,1.65,0.62,0.89,0.07,0.24,0.13,0.36,0.25,0.04,0,0.02,0.01,0,0.18,0.1,0,0,0.02,0.02,0.01,0.1,0,0.01,0.03,0,0.04,0,0.02,0,0.01,0,0.03,0,0.01,0.21
2017-03,53.57,27.41,7.26,3.16,0.8,0.11,1.17,1.1,0.25,1.74,0.62,0.88,0.08,0.22,0.13,0.35,0.26,0.04,0,0.02,0.01,0,0.17,0.11,0,0,0.02,0.02,0.01,0.11,0,0.01,0.03,0,0.04,0,0.02,0,0.01,0,0.04,0,0.02,0.24
2017-04,53.88,26.87,7.33,3.08,0.87,0.11,1.1,1.15,0.23,1.76,0.66,0.88,0.11,0.24,0.15,0.34,0.28,0.05,0,0.02,0.01,0,0.16,0.11,0,0,0.02,0.02,0.01,0.11,0,0.01,0.03,0,0.04,0,0.02,0,0.01,0,0.04,0,0.02,0.27
2017-05,53.49,26.5,7.51,3.14,1.21,0.1,1.08,1.13,0.23,1.8,0.71,0.89,0.14,0.26,0.15,0.34,0.3,0.07,0,0.02,0.01,0,0.17,0.12,0,0,0.03,0.02,0.02,0.11,0,0.01,0.02,0,0.03,0,0.01,0,0.01,0,0.04,0,0.03,0.3
2017-06,53.07,27.21,7.73,3.18,0.78,0.08,1.05,1.08,0.2,1.91,0.69,0.91,0.12,0.25,0.14,0.35,0.27,0.06,0,0.02,0.01,0,0.17,0.12,0,0,0.02,0.02,0.01,0.12,0,0.02,0.02,0,0.03,0,0.01,0.02,0.01,0,0.03,0,0.02,0.26
2017-07,52.17,27.94,7.7,3.25,0.87,0.08,1.09,1.1,0.19,1.86,0.72,0.84,0.14,0.26,0.14,0.33,0.31,0.07,0,0.02,0.01,0,0.17,0.13,0,0,0.02,0.02,0.02,0.11,0,0.02,0.02,0,0.03,0,0.01,0.02,0.01,0,0.03,0,0.02,0.26
2017-08,54.12,26.55,7.47,3.05,0.89,0.08,1.24,1.04,0.17,1.84,0.69,0.77,0.15,0.25,0.13,0.31,0.28,0.08,0.03,0.01,0.01,0,0.16,0.13,0,0,0.01,0.01,0.02,0.1,0,0.01,0.02,0,0.03,0,0.01,0.02,0.01,0,0.03,0,0.02,0.25
2017-09,53.85,26.47,7.48,3.05,1.02,0.09,1.16,1.08,0.16,1.89,0.73,0.73,0.2,0.24,0.14,0.29,0.3,0.11,0.03,0.01,0.01,0,0.16,0.13,0,0,0.02,0.01,0.03,0.1,0,0.01,0.02,0,0.03,0,0.01,0.02,0.01,0,0.03,0,0.04,0.32
2017-10,54.96,25.66,7.03,3.18,1.13,0.08,0.93,1.15,0.15,1.85,0.75,0.69,0.25,0.25,0.17,0.28,0.31,0.14,0.01,0.01,0.01,0,0.16,0.14,0,0,0.03,0.02,0.05,0.1,0,0.01,0.02,0,0.03,0,0.01,0.02,0.01,0,0.04,0,0.05,0.34
2017-11,55.42,24.85,7.17,3.21,1.13,0.07,0.95,1.26,0.13,1.93,0.79,0.68,0.28,0.24,0.16,0.26,0.3,0.14,0.02,0.01,0.01,0,0.16,0.13,0,0,0.03,0.02,0.05,0.1,0,0.02,0.02,0,0.03,0,0.01,0.01,0.01,0,0.04,0,0.05,0.33
2017-12,54.42,25.29,7.41,3.27,1.09,0.05,0.9,1.57,0.13,1.97,0.77,0.66,0.32,0.25,0.11,0.25,0.44,0.12,0.02,0.01,0,0,0.15,0.13,0,0,0.02,0.03,0.07,0.09,0,0.02,0.01,0,0.02,0,0.01,0.01,0.01,0,0.03,0,0.05,0.3
2018-01,53.44,25.77,7.61,3.4,1.13,0.05,0.65,1.8,0.13,1.98,0.85,0.65,0.25,0.29,0.1,0.24,0.63,0.11,0,0.01,0,0,0.13,0.14,0,0,0.01,0.04,0.04,0.09,0,0.03,0.02,0,0.03,0,0.01,0.02,0.01,0,0.02,0,0.04,0.27
2018-02,54.02,25.51,7.49,3.47,1.18,0.05,0.61,1.69,0.11,2.01,0.85,0.62,0.28,0.26,0.08,0.23,0.56,0.12,0,0.01,0,0,0.13,0.13,0,0,0.01,0.02,0.05,0.08,0,0.03,0.01,0,0.02,0,0.01,0.02,0.01,0,0.03,0,0.04,0.26
2018-03,56.26,24.27,6.73,3.41,1.18,0.04,0.61,1.76,0.11,1.82,0.97,0.58,0.35,0.24,0.08,0.21,0.3,0.16,0.01,0.01,0,0,0.11,0.14,0,0,0.02,0.02,0.06,0.08,0,0.02,0.01,0,0.02,0,0,0.02,0.01,0,0.03,0,0.05,0.29
2018-04,53.6,25.48,7.21,3.54,1.31,0.04,0.56,1.82,0.14,2.15,1.05,0.68,0.43,0.25,0.09,0.21,0.27,0.16,0.06,0.01,0.01,0,0.12,0.14,0,0,0.02,0.02,0.07,0.08,0,0.02,0.01,0,0.02,0,0.01,0.02,0.01,0,0.02,0,0.04,0.31
2018-05,54.4,25.18,7.16,3.43,1.05,0.04,0.51,1.71,0.13,2.25,1.04,0.68,0.41,0.25,0.08,0.2,0.27,0.16,0.09,0.01,0.01,0,0.14,0.14,0,0,0.02,0.02,0.08,0.08,0,0.02,0.01,0,0.02,0,0.01,0.01,0.01,0,0.02,0,0.04,0.31
2018-06,53.6,25.59,7.31,3.61,1.02,0.04,0.49,1.73,0.13,2.29,1,0.82,0.38,0.24,0.07,0.2,0.27,0.16,0.1,0.01,0.01,0,0.14,0.13,0,0,0.02,0.02,0.08,0.07,0,0.02,0.01,0,0.02,0,0.01,0.03,0.01,0,0.02,0,0.03,0.32
2018-07,52.19,26.03,7.09,3.49,1.27,0.05,0.45,1.81,0.13,2.09,1.05,1.85,0.43,0.22,0.07,0.19,0.27,0.17,0.1,0.01,0.01,0,0.13,0.13,0,0,0.02,0.03,0.1,0.08,0,0.02,0.01,0,0.02,0,0,0.08,0.01,0,0.02,0,0.04,0.35
2018-08,53.13,25.35,7.03,3.36,1.25,0.05,0.41,1.89,0.12,2.1,0.92,2.04,0.4,0.2,0.17,0.18,0.21,0.14,0.09,0.01,0,0,0.14,0.12,0,0,0.01,0.03,0.09,0.07,0,0.03,0.01,0,0.02,0,0,0.06,0.01,0,0.02,0,0.03,0.28
2018-09,53.7,25.11,7.37,3.42,1.13,0.05,0.38,1.94,0.1,1.99,0.95,1.57,0.38,0.21,0.23,0.17,0.17,0.14,0.09,0.01,0,0,0.13,0.15,0,0,0.01,0.02,0.08,0.06,0.03,0.03,0.01,0,0.02,0,0.01,0.02,0.01,0,0.02,0,0.03,0.29
2018-10,56.08,23.22,7.02,3.53,1.18,0.05,0.37,1.94,0.1,1.66,0.9,1.65,0.46,0.2,0.2,0.16,0.17,0.15,0.08,0.01,0,0,0.12,0.13,0,0,0.01,0.03,0.09,0.05,0.04,0.03,0.01,0,0.02,0,0,0.02,0.01,0,0.02,0,0.03,0.25
2018-11,62.01,19.73,5.82,3.61,1.25,0.05,0.36,2.04,0.12,1.17,0.66,0.84,0.67,0.15,0.13,0.11,0.21,0.19,0.04,0.02,0,0,0.12,0.08,0,0,0.02,0.02,0.16,0.03,0.02,0.03,0.01,0,0.01,0,0,0.05,0,0,0.01,0,0.03,0.19
2018-12,56.91,24.76,5.86,3.75,1.12,0.04,0.32,2.23,0.13,1.08,0.77,0.26,0.94,0.13,0.22,0.09,0.23,0.3,0.03,0.01,0,0,0.12,0.09,0,0,0.03,0.03,0.22,0.02,0.02,0.03,0.01,0,0.01,0,0,0.01,0,0,0.02,0,0.04,0.18
2019-01,57.22,25.38,5.49,3.66,1.09,0.06,0.29,2.27,0.13,0.9,0.76,0.23,0.85,0.12,0.21,0.08,0.22,0.28,0.02,0.01,0,0,0.1,0.08,0,0,0.02,0.03,0.2,0.02,0.03,0.03,0.01,0,0.01,0,0,0,0,0,0.02,0,0.03,0.16
2019-02,57.33,25.14,5.51,3.72,1.2,0.06,0.28,2.36,0.14,0.82,0.75,0.22,0.86,0.12,0.21,0.07,0.21,0.27,0.02,0.01,0,0,0.09,0.08,0,0,0.02,0.01,0.22,0.02,0.03,0.03,0.01,0,0.01,0,0,0,0,0,0.02,0,0.03,0.15
2019-03,54.74,25.59,6.7,3.6,1.16,0.07,0.26,2.22,0.17,1.09,0.85,0.43,0.8,0.21,0.39,0.13,0.2,0.32,0.06,0.01,0,0,0.07,0.19,0,0,0.01,0.02,0.19,0.03,0.11,0.03,0.01,0,0.01,0,0,0,0,0,0.01,0,0.04,0.27
2019-04,54.61,25.43,6.54,3.73,1.38,0.08,0.26,2.34,0.17,0.99,0.94,0.49,0.75,0.23,0.42,0.12,0.18,0.31,0.06,0.01,0,0,0.07,0.19,0,0,0.01,0.02,0.19,0.03,0.12,0.02,0.01,0,0.01,0,0,0,0,0,0.02,0,0.03,0.26
2019-05,53.62,25.67,6.85,3.77,1.9,0.04,0.23,2.42,0.16,0.96,0.97,0.46,0.68,0.21,0.43,0.12,0.17,0.32,0.05,0,0,0,0.06,0.18,0,0,0.02,0.02,0.18,0.02,0.13,0.02,0.01,0,0.01,0,0,0,0,0,0.01,0,0.03,0.25
2019-06,52.95,26.1,6.75,3.93,2.14,0.04,0.21,2.6,0.16,0.97,0.93,0.43,0.68,0.17,0.43,0.13,0.17,0.26,0.06,0,0,0,0.06,0.16,0,0,0.02,0.02,0.18,0.02,0.14,0.02,0.01,0,0.01,0,0,0,0,0,0.01,0,0.03,0.22
2019-07,55.67,24.8,6.24,3.84,1.56,0.05,0.19,2.52,0.16,0.84,0.96,0.36,0.71,0.16,0.43,0.1,0.19,0.27,0.05,0.01,0,0,0.06,0.14,0,0,0.02,0.02,0.2,0.02,0.14,0.02,0.01,0,0.01,0,0,0,0,0,0.01,0,0.03,0.22
2019-08,55.55,24.17,6.38,3.88,1.5,0.04,0.19,2.6,0.17,0.78,1.05,0.65,0.82,0.15,0.44,0.09,0.17,0.3,0.05,0,0,0.01,0.05,0.14,0.02,0,0.02,0.02,0.22,0.02,0.14,0.02,0.01,0,0.01,0,0,0.04,0,0,0.01,0,0.03,0.26
2019-09,55.65,25.07,6.27,3.76,0.97,0.03,0.18,2.51,0.17,0.67,1.23,0.59,0.72,0.15,0.5,0.08,0.15,0.25,0.04,0,0,0.01,0.11,0.12,0.04,0,0.02,0.02,0.2,0.02,0.13,0.02,0.01,0,0.01,0,0,0.04,0,0,0.01,0,0.02,0.23
2019-10,54.25,26.79,6.4,3.58,0.94,0.03,0.16,2.5,0.17,0.63,1.19,0.58,0.67,0.12,0.54,0.08,0.14,0.22,0.04,0,0,0,0.14,0.1,0.04,0,0.01,0.02,0.19,0.02,0.13,0.02,0.01,0,0.01,0,0,0.04,0,0,0.01,0,0.02,0.2
2019-11,55.7,26.29,6.03,3.45,0.84,0.02,0.13,2.51,0.17,0.56,1.11,0.52,0.6,0.11,0.52,0.1,0.13,0.21,0.05,0,0,0,0.15,0.09,0.05,0,0.01,0.02,0.18,0.01,0.12,0.02,0.01,0,0.01,0,0,0.05,0,0,0.01,0,0.02,0.17
2019-12,55.55,26.95,6.01,3.44,0.81,0.02,0.12,2.55,0.16,0.52,0.92,0.52,0.48,0.1,0.54,0.13,0.1,0.16,0.07,0,0,0,0.17,0.08,0.04,0,0,0.02,0.14,0.01,0.11,0.01,0,0,0,0,0,0.06,0,0.01,0.01,0,0.01,0.15
2020-01,57.42,25.64,5.61,3.19,0.74,0.02,0.11,2.54,0.17,0.45,1.06,0.5,0.54,0.1,0.57,0.1,0.11,0.17,0.08,0,0,0.01,0.17,0.08,0.04,0,0,0.02,0.14,0.01,0.11,0.02,0,0,0.01,0,0,0.07,0,0.01,0.01,0.01,0.01,0.16
2020-02,58.4,25.1,5.4,3.09,0.72,0.02,0.1,2.54,0.18,0.4,1.07,0.49,0.54,0.09,0.58,0.09,0.1,0.16,0.08,0,0,0.01,0.16,0.07,0.04,0,0,0.02,0.13,0.01,0.1,0.02,0,0,0,0,0,0.05,0,0.01,0.01,0.03,0.02,0.16
2020-03,60.1,24.37,5.05,2.91,0.67,0.02,0.09,2.49,0.15,0.34,1.01,0.46,0.48,0.09,0.57,0.08,0.09,0.14,0.07,0,0,0.01,0.14,0.07,0.04,0,0,0.02,0.12,0.01,0.09,0.02,0,0,0,0,0,0.04,0,0.01,0.01,0.04,0.01,0.18
2020-04,61.25,23.9,4.92,2.8,0.61,0.02,0.08,2.41,0.14,0.32,0.9,0.47,0.43,0.08,0.56,0.08,0.09,0.13,0.07,0,0,0.01,0.14,0.06,0.03,0,0,0.02,0.11,0.01,0.09,0.01,0,0,0,0,0,0.04,0,0.01,0.01,0.04,0.01,0.16
2020-05,58.46,25.11,5.43,3.24,0.76,0.02,0.08,2.58,0.14,0.4,0.94,0.62,0.39,0.08,0.57,0.1,0.11,0.1,0.07,0,0,0.01,0.14,0.06,0.03,0,0,0.02,0.09,0.01,0.11,0.02,0.01,0,0,0,0,0.06,0,0.01,0.01,0.04,0.01,0.16
2020-06,58.17,25.59,5.05,3.3,0.84,0.02,0.08,2.71,0.16,0.3,1.07,0.45,0.44,0.08,0.61,0.1,0.1,0.1,0.07,0,0,0.01,0.12,0.06,0.03,0,0,0.02,0.1,0.01,0.11,0.02,0.01,0,0,0,0,0.05,0,0.01,0.01,0.05,0.01,0.16
2020-07,58.78,25.22,4.74,3.34,0.89,0.02,0.07,2.67,0.17,0.27,1.08,0.41,0.47,0.08,0.61,0.1,0.12,0.12,0.06,0,0,0.01,0.11,0.06,0.03,0,0,0.02,0.12,0.01,0.1,0.02,0.01,0,0,0,0,0.03,0,0.01,0.01,0.05,0.01,0.17
2020-08,59.33,24.93,4.57,3.34,0.96,0.02,0.06,2.57,0.17,0.25,1.1,0.4,0.47,0.08,0.6,0.1,0.12,0.12,0.06,0,0,0.01,0.1,0.05,0.03,0,0,0.02,0.11,0.01,0.1,0.03,0.01,0,0,0,0,0.02,0,0.01,0.01,0.05,0.01,0.16
2020-09,59.72,24.72,4.54,3.3,0.93,0.02,0.06,2.53,0.17,0.23,1.08,0.37,0.5,0.07,0.62,0.1,0.11,0.13,0.06,0,0,0.01,0.1,0.05,0.04,0,0,0.04,0.11,0,0.1,0.04,0,0,0,0,0,0.02,0,0.01,0,0.05,0.01,0.15
2020-10,60.21,24.37,4.42,3.32,1.04,0.02,0.05,2.54,0.16,0.21,0.96,0.34,0.54,0.07,0.61,0.09,0.11,0.15,0.05,0,0,0.01,0.1,0.05,0.05,0,0,0.05,0.09,0,0.1,0.04,0,0,0,0,0,0.02,0,0.01,0,0.05,0.01,0.14
2020-11,61.23,23.79,4.14,3.29,1.25,0.02,0.05,2.51,0.15,0.18,0.88,0.29,0.53,0.07,0.59,0.1,0.11,0.15,0.03,0,0,0.01,0.1,0.05,0.06,0,0,0.05,0,0,0.09,0.05,0,0,0,0,0,0.01,0,0.01,0,0.05,0.01,0.14
2020-12,61.07,24.12,4.33,3.21,0.94,0.01,0.05,2.34,0.14,0.17,0.84,0.27,0.59,0.06,0.58,0.1,0.11,0.17,0.09,0,0,0.14,0.09,0.05,0.08,0,0,0.05,0,0,0.09,0.05,0,0,0,0,0,0.05,0,0.01,0,0.04,0.01,0.14
2021-01,61.47,23.8,4.24,3.15,0.92,0.01,0.04,2.37,0.14,0.16,0.84,0.25,0.62,0.06,0.56,0.09,0.11,0.2,0.12,0,0,0.16,0.08,0.04,0.09,0,0,0.06,0,0,0.09,0.05,0,0,0,0,0,0.05,0,0.01,0,0.04,0.01,0.16
2021-02,60.72,24.1,4.35,3.24,1,0.01,0.04,2.34,0.15,0.16,0.83,0.24,0.7,0.06,0.58,0.09,0.13,0.21,0.14,0,0,0.19,0.09,0.04,0.11,0,0,0.06,0,0,0.09,0.06,0,0,0,0,0,0.05,0,0.01,0,0.04,0.01,0.15
2021-03,59.98,24.37,4.4,3.36,1.14,0.01,0.04,2.35,0.15,0.15,0.88,0.23,0.74,0.05,0.6,0.09,0.11,0.24,0.15,0,0,0.22,0.09,0.04,0.13,0,0,0.06,0,0,0.09,0.06,0,0,0,0,0,0.05,0,0.01,0,0.04,0.01,0.13
2021-04,59.13,24.47,4.35,3.46,1.69,0.02,0.04,2.33,0.17,0.14,0.92,0.2,0.83,0.06,0.59,0.09,0.11,0.26,0.16,0,0,0.23,0.09,0.05,0.14,0,0,0.06,0,0,0.08,0.05,0,0,0,0,0,0.05,0,0.01,0,0.03,0.01,0.13
2021-05,58.1,24.92,4.47,3.57,1.94,0.01,0.03,2.29,0.16,0.14,0.93,0.19,0.91,0.05,0.58,0.09,0.13,0.29,0.18,0,0,0.26,0.1,0.05,0.16,0,0,0.06,0,0,0.09,0.06,0,0,0,0,0,0.06,0,0.01,0,0.03,0.01,0.13
2021-06,57.62,25.43,4.54,3.75,1.52,0.01,0.03,2.24,0.17,0.13,0.92,0.19,0.98,0.06,0.58,0.1,0.12,0.32,0.19,0,0,0.29,0.1,0.05,0.18,0,0,0.06,0,0,0.09,0.06,0,0,0,0,0,0.07,0,0.01,0,0.03,0.01,0.13
2021-07,57.26,25.66,4.49,3.86,1.59,0.01,0.03,2.23,0.18,0.13,0.9,0.19,0.94,0.06,0.61,0.09,0.13,0.31,0.2,0,0,0.28,0.1,0.05,0.17,0,0,0.07,0,0,0.09,0.07,0,0,0,0,0,0.1,0,0.01,0,0.03,0.01,0.14
2021-08,56.7,27.06,4.16,3.74,1.04,0.01,0.03,2.19,0.15,0.12,0.88,0.17,0.94,0.04,0.83,0.09,0.13,0.3,0.2,0,0,0.29,0.08,0.04,0.16,0,0,0.09,0,0,0.08,0.08,0,0,0,0,0,0.24,0,0.01,0,0.03,0.01,0.13
2021-09,57.08,27.05,4.04,3.82,1.06,0.01,0.02,2.12,0.14,0.11,0.83,0.16,0.92,0.04,0.82,0.09,0.12,0.28,0.19,0,0,0.27,0.08,0.04,0.16,0,0,0.08,0,0,0.07,0.07,0,0,0,0,0,0.14,0,0.01,0,0.03,0.01,0.12
2021-10,57.46,27.17,3.92,3.89,1.04,0.01,0.03,2.08,0.14,0.1,0.77,0.15,0.84,0.04,0.79,0.09,0.12,0.25,0.17,0,0,0.23,0.08,0.04,0.14,0,0,0.07,0,0,0.07,0.06,0,0,0,0,0,0.11,0,0.01,0,0.02,0.01,0.11
2021-11,58.47,26.89,3.64,3.92,1.04,0.01,0.02,1.99,0.13,0.09,0.68,0.13,0.78,0.04,0.77,0.08,0.11,0.21,0.16,0,0,0.19,0.07,0.03,0.12,0,0,0.06,0,0,0.07,0.05,0,0,0,0,0,0.09,0,0.01,0,0.02,0.01,0.09
2021-12,59.15,26.44,3.32,3.94,1.06,0.01,0.02,2.38,0.13,0.08,0.64,0.12,0.72,0.04,0.73,0.08,0.11,0.18,0.14,0,0,0.16,0.06,0.03,0.11,0,0,0.05,0,0,0.07,0.04,0,0,0,0,0,0.06,0,0.01,0,0.02,0,0.08
2022-01,59.87,26.45,2.99,3.91,0.91,0.01,0.02,2.28,0.13,0.07,0.43,0.11,0.65,0.04,0.83,0.08,0.1,0.17,0.22,0,0,0.15,0.05,0.03,0.11,0,0,0.05,0,0,0.06,0.04,0,0,0,0.06,0,0.05,0,0.01,0,0.04,0,0.07
2022-02,57.87,27.85,3.06,4.32,0.88,0.01,0.02,2.38,0.17,0.09,0.33,0.11,0.61,0.03,0.86,0.09,0.09,0.19,0.25,0,0,0.17,0.05,0.03,0.11,0,0,0.06,0,0,0.07,0.05,0,0,0,0.07,0,0.05,0,0,0,0.05,0,0.08
2022-03,57.65,28,2.89,4.53,0.99,0.01,0.02,2.38,0.19,0.08,0.34,0.1,0.59,0.03,0.85,0.09,0.09,0.17,0.25,0,0,0.17,0.05,0.03,0.1,0,0,0.06,0,0,0.07,0.04,0,0,0,0.07,0,0.04,0,0,0,0.04,0,0.07
2022-04,57.58,27.9,2.76,4.69,1.11,0.01,0.02,2.47,0.16,0.07,0.33,0.09,0.59,0.04,0.85,0.09,0.09,0.16,0.26,0,0,0.17,0.04,0.03,0.11,0,0,0.05,0,0,0.07,0.04,0,0,0,0.06,0,0.04,0,0,0,0.04,0.01,0.06
2022-05,57.43,28.08,2.61,4.79,1.02,0,0.02,2.46,0.18,0.06,0.35,0.09,0.66,0.04,0.84,0.08,0.08,0.18,0.25,0,0,0.18,0.04,0.03,0.11,0,0,0.06,0,0.01,0.06,0.05,0,0,0,0.07,0,0.04,0,0,0,0.04,0.01,0.07
2022-06,56.65,29.01,2.5,4.89,0.96,0,0.02,2.33,0.19,0.06,0.34,0.09,0.67,0.03,0.85,0.07,0.09,0.19,0.26,0,0,0.19,0.04,0.03,0.12,0,0,0.06,0,0.01,0.06,0.05,0,0,0,0.07,0,0.03,0,0,0,0.04,0.01,0.08
2022-07,55.26,30.4,2.49,5.02,0.95,0,0.02,2.3,0.2,0.06,0.32,0.08,0.64,0.03,0.83,0.07,0.09,0.18,0.27,0,0,0.17,0.04,0.02,0.12,0,0,0.06,0,0.01,0.06,0.05,0,0,0,0.08,0,0.03,0,0,0,0.04,0,0.07
2022-08,57.03,29.11,2.29,4.77,1,0,0.02,2.23,0.19,0.06,0.34,0.08,0.67,0.03,0.81,0.07,0.09,0.19,0.26,0,0,0.17,0.04,0.02,0.13,0,0,0.06,0,0.01,0.06,0.05,0,0,0,0.08,0,0.03,0,0,0,0.04,0.01,0.08
2022-09,55.43,30.11,2.2,4.92,0.99,0.01,0.04,2.28,0.19,0.05,0.37,0.07,0.7,0.03,0.84,0.07,0.09,0.22,0.31,0,0,0.21,0.04,0.02,0.16,0,0,0.07,0,0.04,0.06,0.06,0,0,0,0.13,0,0.03,0,0.01,0,0.05,0.01,0.21
2022-10,54.47,30.83,2.09,5.11,0.9,0.01,0.04,2.34,0.21,0.05,0.32,0.06,0.62,0.03,0.87,0.09,0.09,0.21,0.36,0,0,0.21,0.03,0.02,0.15,0,0,0.08,0,0.08,0.05,0.07,0,0,0,0.18,0,0.02,0,0.01,0,0.07,0.01,0.32
2022-11,55.72,29.76,1.87,5.19,0.95,0.01,0.04,2.26,0.2,0.05,0.3,0.06,0.67,0.04,0.88,0.08,0.08,0.23,0.34,0,0,0.21,0.03,0.02,0.16,0,0,0.08,0,0.08,0.05,0.07,0,0,0,0.18,0,0.02,0,0.01,0,0.06,0.01,0.3
2022-12,55.85,29.81,1.81,4.9,1.04,0.01,0.04,2.17,0.2,0.04,0.3,0.05,0.75,0.03,0.88,0.08,0.08,0.25,0.31,0,0,0.25,0.03,0.02,0.19,0,0,0.1,0,0.08,0.05,0.08,0,0,0,0.19,0,0.02,0,0.01,0,0.06,0.01,0.3
2023-01,57.77,28.57,1.68,4.59,1.08,0.01,0.04,2.11,0.17,0.05,0.29,0.05,0.75,0.03,0.83,0.08,0.09,0.24,0.26,0,0,0.24,0.03,0.02,0.19,0,0,0.1,0,0.07,0.05,0.07,0,0,0,0.18,0,0.02,0,0.01,0,0.06,0.01,0.28
2023-02,57.06,29.36,1.65,4.65,1.07,0,0.03,2.16,0.17,0.04,0.28,0.05,0.75,0.03,0.81,0.08,0.08,0.22,0.25,0,0,0.22,0.03,0.02,0.16,0,0,0.1,0,0.07,0.05,0.08,0,0,0,0.17,0,0.01,0,0.01,0,0.05,0.01,0.26
2023-03,56.82,29.47,1.81,4.74,1.18,0.01,0.06,2.1,0.21,0.05,0.28,0.04,0.7,0.03,0.78,0.08,0.08,0.19,0.24,0,0,0.19,0.03,0.02,0.15,0.01,0,0.08,0,0.07,0.05,0.07,0,0,0,0.16,0,0.01,0,0.01,0,0.05,0.01,0.25
2023-04,59.89,26.79,1.62,4.44,1.33,0.01,0.07,1.98,0.22,0.04,0.3,0.04,0.73,0.03,0.76,0.06,0.08,0.21,0.23,0,0,0.22,0.03,0.02,0.16,0.01,0,0.09,0,0.07,0.04,0.08,0,0,0,0.15,0,0.01,0,0.01,0,0.05,0.01,0.25
2023-05,62,24.77,1.31,4.06,2.11,0.01,0.04,1.97,0.18,0.03,0.27,0.04,0.71,0.03,0.71,0.06,0.07,0.25,0.23,0,0,0.23,0.02,0.01,0.17,0,0,0.09,0,0.08,0.04,0.08,0,0,0,0.14,0,0.01,0,0.01,0,0.04,0.01,0.22
2023-06,57.38,26.76,1.3,4.41,3.63,0.01,0.07,2.52,0.22,0.03,0.25,0.03,0.69,0.03,0.75,0.06,0.07,0.23,0.38,0,0,0.21,0.02,0.01,0.16,0.01,0,0.09,0,0.12,0.04,0.08,0,0,0,0.13,0,0.01,0,0.01,0,0.04,0.01,0.22
2023-07,57.12,26.72,1.2,4.34,4.06,0.01,0.04,2.52,0.18,0.03,0.27,0.03,0.74,0.03,0.75,0.06,0.07,0.25,0.36,0,0,0.23,0.02,0.01,0.18,0,0,0.1,0,0.12,0.04,0.09,0,0,0,0.13,0,0.01,0,0.01,0,0.04,0.01,0.23
2023-08,56.92,26.37,1.16,4.22,4.67,0.01,0.06,2.48,0.19,0.02,0.31,0.03,0.93,0.03,0.72,0.06,0.07,0.23,0.34,0,0,0.22,0.02,0.01,0.17,0,0,0.09,0,0.12,0.03,0.09,0,0,0,0.12,0,0.01,0,0.01,0,0.04,0.01,0.23
2023-09,56.44,26.56,1.08,4.23,4.96,0.01,0.06,2.42,0.2,0.02,0.32,0.03,1.05,0.03,0.69,0.06,0.07,0.23,0.34,0,0,0.22,0.02,0.02,0.18,0,0,0.1,0,0.12,0.03,0.1,0,0,0,0.11,0,0.01,0,0.02,0,0.04,0,0.21
2023-10,56.59,26.66,1.02,4.21,4.51,0.01,0.06,2.72,0.2,0.02,0.29,0.03,0.99,0.03,0.71,0.06,0.07,0.24,0.33,0,0,0.23,0.02,0.02,0.16,0.01,0,0.12,0,0.11,0.03,0.12,0,0,0,0.13,0,0.01,0,0.02,0,0.04,0,0.22
2023-11,58.33,24.83,0.89,3.92,4.96,0.01,0.06,2.56,0.2,0.02,0.32,0.03,1.09,0.04,0.7,0.05,0.07,0.26,0.32,0,0,0.26,0.02,0.02,0.18,0.01,0,0.14,0,0.1,0.03,0.13,0,0,0,0.15,0,0.01,0,0.02,0,0.04,0.01,0.23
2023-12,61.3,22.06,0.68,3.5,5.65,0.01,0.06,2.37,0.19,0.02,0.34,0.03,1.16,0.04,0.62,0.05,0.07,0.27,0.25,0,0,0.28,0.01,0.02,0.2,0,0,0.15,0,0.08,0.02,0.15,0,0,0,0.14,0,0,0,0.02,0,0.03,0.01,0.21
2024-01,61.23,22.5,0.66,3.61,5.14,0.01,0.05,2.36,0.18,0.02,0.37,0.02,1.15,0.04,0.63,0.05,0.07,0.31,0.24,0,0,0.33,0.01,0.02,0.19,0,0,0.14,0,0.08,0.02,0.15,0,0,0,0.13,0,0,0,0.05,0,0.03,0.01,0.21
2024-02,60.3,22.61,0.66,3.69,5.33,0.01,0.05,2.41,0.19,0.02,0.41,0.02,1.32,0.04,0.64,0.05,0.08,0.4,0.25,0,0,0.39,0.01,0.02,0.22,0,0,0.15,0,0.08,0.02,0.17,0,0,0,0.14,0,0.01,0,0.07,0,0.03,0.01,0.22
2024-03,59.04,23.36,0.67,3.98,5.72,0.01,0.03,2.57,0.18,0.02,0.36,0.03,1.25,0.04,0.67,0.04,0.09,0.34,0.26,0,0,0.33,0.01,0.02,0.19,0,0,0.13,0,0.08,0.02,0.13,0,0,0,0.12,0,0,0,0.06,0,0.03,0.01,0.21
2024-04,56.53,25.17,0.72,4.32,5.19,0.01,0.03,2.97,0.18,0.02,0.4,0.03,1.37,0.04,0.72,0.04,0.08,0.41,0.31,0,0,0.38,0.01,0.02,0.19,0,0,0.14,0,0.07,0.02,0.12,0,0,0,0.12,0,0,0,0.09,0,0.04,0.02,0.24
2024-05,55.42,25.68,0.68,4.49,4.96,0,0.02,3.27,0.19,0.02,0.41,0.03,1.49,0.03,0.75,0.04,0.07,0.5,0.34,0,0,0.47,0.01,0.02,0.21,0,0,0.15,0,0.07,0.02,0.13,0,0,0,0.11,0,0,0,0.12,0,0.05,0.02,0.22
2024-06,55.86,24.03,0.6,4,4.8,0,0.02,3.24,0.17,0.03,0.67,0.02,2.24,0.03,0.75,0.04,0.09,0.96,0.28,0,0,0.87,0.01,0.02,0.27,0,0,0.15,0,0.06,0.02,0.12,0,0,0,0.1,0,0,0,0.33,0,0.04,0.03,0.18
2024-07,55.81,23.95,0.59,4.11,5.42,0,0.01,3.43,0.15,0.03,0.62,0.02,2.04,0.02,0.7,0.04,0.08,0.81,0.26,0,0,0.74,0,0.02,0.24,0,0,0.13,0,0.06,0.02,0.11,0,0,0,0.09,0,0,0,0.28,0,0.03,0.03,0.16
2024-08,57.08,23.61,0.48,3.63,4.82,0,0.01,3.73,0.14,0.02,0.62,0.02,2.12,0.02,0.65,0.04,0.07,0.71,0.21,0,0,0.84,0.01,0.02,0.25,0,0,0.14,0,0.05,0.02,0.12,0,0,0,0.09,0,0,0,0.27,0,0.03,0.02,0.17
2024-09,57.31,23.27,0.42,3.58,4.18,0,0.01,5.09,0.14,0.03,0.55,0.02,1.85,0.02,0.64,0.04,0.06,0.57,0.2,0,0,0.85,0,0.01,0.24,0,0,0.14,0,0.06,0.01,0.12,0,0,0,0.08,0,0,0,0.24,0,0.03,0.01,0.19
2024-10,51.19,23.76,0.31,2.87,3.13,0,0.01,14.51,0.11,0.02,0.37,0.01,1.25,0.02,0.48,0.03,0.04,0.37,0.16,0,0,0.53,0,0.01,0.17,0,0,0.11,0,0.05,0.01,0.09,0,0,0,0.06,0,0,0,0.16,0,0.02,0.01,0.14
2024-11,56.02,23.71,0.31,3.13,3.38,0,0.01,9.68,0.11,0.02,0.29,0.01,1.13,0.02,0.49,0.03,0.04,0.29,0.17,0,0,0.39,0,0.01,0.16,0,0,0.1,0,0.05,0.01,0.09,0,0,0,0.06,0,0,0,0.11,0,0.02,0.01,0.14
2024-12,54.81,23.22,0.36,3.56,5.26,0,0.01,7.18,0.13,0.03,0.5,0.01,1.66,0.02,0.6,0.03,0.06,0.54,0.19,0,0,0.76,0,0.01,0.23,0,0,0.13,0,0.06,0.01,0.12,0,0,0,0.08,0,0,0,0.25,0,0.03,0.01,0.17
2025-01,57.74,23.07,0.37,3.76,5.29,0,0.01,3.19,0.13,0.03,0.63,0.01,1.93,0.02,0.66,0.04,0.06,0.69,0.18,0,0,0.97,0,0.01,0.28,0,0,0.14,0,0.05,0.01,0.13,0,0,0,0.07,0,0,0,0.33,0,0.03,0.01,0.16
2025-02,57.93,24.38,0.37,4.08,4.2,0,0.01,3.32,0.13,0.03,0.49,0.02,1.74,0.02,0.63,0.04,0.06,0.51,0.19,0,0,0.72,0,0.01,0.24,0,0,0.14,0,0.05,0.01,0.15,0,0,0,0.07,0,0,0,0.23,0,0.03,0.01,0.16
2025-03,57.28,23.64,0.34,3.94,5.66,0,0.01,3.79,0.12,0.03,0.44,0.01,1.66,0.02,0.62,0.04,0.05,0.42,0.26,0,0,0.62,0,0.01,0.22,0,0,0.14,0,0.05,0.01,0.16,0,0,0,0.07,0,0,0,0.19,0,0.02,0.01,0.17
2010-03,0,0,0,0,0,0,0,0,0,0,0,0,0,0,0,0,0,0,0,0,0,0,0,0,0,0,0,0,0,0,0,0,0,0,0,0,0,0,0,0,0,0,0,0
