"Date","Apple","Samsung","LG","Motorola","Unknown","RIM","Huawei","Google","HTC","Nokia","ZTE","Alcatel","Sony","Xiaomi","OnePlus","Kyocera","Oppo","Lenovo","T-Mobile","Nintendo","Vivo","Pantech","Asus","Blu","Realme","Coolpad","Lanix","Honor","Palm","Micromax","HP","Tecno","Mobicel","Infinix","Acer","Hisense","Sumsung","TCL","RCA","Casio","Sharp","BlackBerry","Unimax","General Mobile","BBK","AT&T","Other"
2010-04,52.81,2.33,0.39,0.4,0,32.81,0,0.3,0.09,2.91,0,0,3.43,0,0,0,0,0,2.35,0.59,0,0,0,0,0,0,0,0,1.57,0,0,0,0,0,0,0,0,0,0,0,0,0,0,0,0,0,0.03
2010-05,52.56,3.48,0.06,0.08,0,33.23,0,0.29,0,2.89,0,0,3.18,0,0,0,0,0,1.97,0.58,0,0,0,0,0,0,0,0,1.63,0,0,0,0,0,0,0,0,0,0,0,0,0,0,0,0,0,0.03
2010-06,50.36,3.58,0.06,0.07,0,35.1,0,0.3,0,3.2,0,0,3.32,0,0,0,0,0,1.69,0.61,0,0,0,0,0,0,0,0,1.68,0,0,0,0,0,0,0,0,0,0,0,0,0,0,0,0,0,0.02
2010-07,47.82,3.93,0.28,0.36,0,36.63,0,0.3,0.06,3.73,0,0,3.18,0,0,0,0,0,1.4,0.59,0,0,0,0,0,0,0,0,1.7,0,0,0,0,0,0,0,0,0,0,0,0,0,0,0,0,0,0.02
2010-08,46.25,4.33,0.28,0.39,0,38.73,0,0.27,0.06,3.71,0,0,2.75,0,0,0,0,0,1.11,0.57,0,0,0,0,0,0,0,0,1.54,0,0,0,0,0,0,0,0,0,0,0,0,0,0,0,0,0,0.01
2010-09,48.74,5.88,0.24,0.41,0,34.56,0,0.27,0.06,4.18,0,0,2.69,0,0,0,0,0,1.04,0.43,0,0,0,0,0,0,0,0,1.49,0,0,0,0,0,0,0,0,0,0,0,0,0,0,0,0,0,0.01
2010-10,46.4,5.99,0.18,0.35,0,37.66,0,0.22,0.05,4.17,0,0,2.5,0,0,0,0,0,0.83,0.36,0,0,0,0,0,0,0,0,1.27,0,0,0,0,0,0,0,0,0,0,0,0,0,0,0,0,0,0.01
2010-11,42.57,6.05,0.16,3.13,0,39.54,0,0.19,0.04,3.87,0,0,2.35,0,0,0,0,0,0.65,0.36,0,0,0,0,0,0,0,0,1.09,0,0,0,0,0,0,0,0,0,0,0,0,0,0,0,0,0,0.01
2010-12,43.88,6.28,0.15,3.87,0,37.5,0,0.17,0.03,3.79,0,0,2.42,0,0,0,0,0,0.54,0.4,0,0,0,0,0,0,0,0,0.98,0,0,0,0,0,0,0,0,0,0,0,0,0,0,0,0,0,0
2011-01,46.53,6.17,0.17,3.43,0,33.27,0,0.15,0.11,5.99,0,0,2.49,0,0,0,0,0,0.42,0.42,0,0,0,0,0,0,0,0,0.86,0,0,0,0,0,0,0,0,0,0,0,0,0,0,0,0,0,0
2011-02,49.13,6.53,0.19,3.26,0,29.01,0,0.15,0.22,7.31,0,0,2.69,0,0,0,0,0,0.35,0.37,0,0,0,0,0,0,0,0,0.79,0,0,0,0,0,0,0,0,0,0,0,0,0,0,0,0,0,0
2011-03,52.83,6.78,0.2,3.14,0,26.6,0,0.16,0.28,5.69,0,0,2.85,0,0,0,0,0,0.3,0.42,0,0,0,0,0,0,0,0,0.74,0,0,0,0,0,0,0,0,0,0,0,0,0,0,0,0,0,0
2011-04,48.92,6.51,0.19,2.53,0,29,0,0.13,0.29,8.18,0,0,2.97,0,0,0,0,0,0.28,0.39,0,0,0,0,0,0,0,0,0.61,0,0,0,0,0,0,0,0,0,0,0,0,0,0,0,0,0,0
2011-05,44.8,7.11,0.17,2.16,0,29.3,0,0.11,0.28,11.31,0,0,3.01,0,0,0,0,0,0.94,0.32,0,0,0,0,0,0,0,0,0.5,0,0,0,0,0,0,0,0,0,0,0,0,0,0,0,0,0,0
2011-06,46.78,8.42,0.18,2.03,0,22.42,0,0.11,0.29,14.84,0,0,3.17,0,0,0,0,0,0.95,0.35,0,0,0,0,0,0,0,0,0.46,0,0,0,0,0,0,0,0,0,0,0,0,0,0,0,0,0,0
2011-07,50.51,8.49,0.18,1.83,0,21.83,0,0.2,0.34,11.7,0,0,3.22,0,0,0,0,0,0.9,0.37,0,0,0,0,0,0,0,0,0.43,0,0,0,0,0,0,0,0,0,0,0,0,0,0,0,0,0,0
2011-08,52.87,9.61,0.18,1.84,0,20.58,0,0.45,0.4,9.4,0,0,3.1,0,0,0,0,0,0.75,0.39,0,0,0,0,0,0,0,0,0.43,0,0,0,0,0,0,0,0,0,0,0,0,0,0,0,0,0,0
2011-09,56.74,9.8,0.18,1.67,0,18.59,0,0.54,0.5,8.4,0,0,2.57,0,0,0,0,0,0.24,0.35,0,0,0,0,0,0,0,0,0.42,0,0,0,0,0,0,0,0,0,0,0,0,0,0,0,0,0,0
2011-10,55.72,9.76,2.34,1.41,0,14.58,0,0.57,5,7.09,0,0,2.3,0,0,0,0,0,0.53,0.37,0,0,0,0,0,0,0,0,0.34,0,0,0,0,0,0,0,0,0,0,0,0,0,0,0,0,0,0.01
2011-11,56.65,9.76,2.76,1.62,0,12.44,0,0.54,5.56,7.75,0,0,2,0,0,0,0,0,0.29,0.32,0,0,0,0,0,0,0,0,0.29,0,0,0,0,0,0,0,0,0,0,0,0,0,0,0,0,0,0.01
2011-12,55.65,10.71,3.01,1.66,0,11.77,0,0.56,5.59,7.91,0,0,2.1,0,0,0,0,0,0.26,0.51,0,0,0,0,0,0,0,0,0.25,0,0,0,0,0,0,0,0,0,0,0,0,0,0,0,0,0,0.01
2012-01,59.11,11.43,3.29,1.49,0,10.06,0,0.56,5.56,5.36,0,0,2.03,0,0,0,0,0,0.23,0.66,0,0,0,0,0,0,0,0,0.21,0,0,0,0,0,0,0,0,0,0,0,0,0,0,0,0,0,0.01
2012-02,60.85,12.03,3.24,1.34,0,9.32,0,0.54,5.47,4.52,0,0,1.78,0,0,0,0,0,0.2,0.51,0,0,0,0,0,0,0,0,0.18,0,0,0,0,0,0,0,0,0,0,0,0,0,0,0,0,0,0.01
2012-03,50.64,9.87,2.63,0.98,17.48,7.81,0.16,0.47,4.25,3.35,0,0,1.56,0,0,0,0,0,0.14,0.53,0,0,0,0,0,0,0,0,0.12,0,0,0,0,0,0,0,0,0,0,0,0,0,0,0,0,0,0
2012-04,46.17,10.01,2.84,2.83,18.48,6.27,0.96,0.71,6.05,3.14,0.16,0.02,1.38,0,0,0,0,0,0.11,0.54,0,0.14,0,0,0,0,0,0,0.09,0,0,0,0,0,0,0,0,0,0,0.06,0,0,0,0,0,0,0.04
2012-05,46.39,12.18,3.83,6.37,5.85,6.05,1.07,0.78,10.19,3.63,0.65,0.06,1.39,0,0,0.12,0,0,0.09,0.56,0,0.45,0,0,0,0,0,0,0.08,0,0,0,0,0,0,0,0,0,0,0.15,0,0,0,0,0,0,0.11
2012-06,48.78,12.21,3.79,6.65,3.55,5.54,1.16,0.87,9.97,3.65,0.78,0.06,1.37,0,0,0.16,0,0,0.08,0.56,0,0.48,0,0,0,0,0,0,0.07,0,0,0,0,0,0,0,0,0,0,0.16,0,0,0,0,0,0,0.12
2012-07,49.13,12.53,3.97,6.68,3.66,4.91,1.24,0.89,9.86,3.1,0.83,0.07,1.39,0,0,0.14,0,0,0.07,0.67,0,0.51,0,0,0,0,0,0,0.06,0.01,0,0,0,0,0,0,0,0,0,0.16,0,0,0,0,0,0,0.11
2012-08,49.1,12.86,3.99,6.61,3.79,4.52,1.26,0.93,9.58,3.12,0.86,0.07,1.35,0,0,0.13,0,0,0.06,0.68,0,0.55,0,0,0,0,0,0,0.05,0.01,0,0,0,0,0.19,0,0,0,0,0.17,0,0,0,0,0,0,0.1
2012-09,49.22,13.31,4.05,6.67,3.88,4.2,1.29,0.98,9.23,3.13,0.89,0.06,1.23,0,0,0.16,0,0,0.05,0.58,0,0.57,0,0,0,0,0,0,0.05,0.02,0,0,0,0,0.19,0,0,0,0,0.16,0,0,0,0,0,0,0.09
2012-10,49.65,13.66,3.98,6.29,4.13,3.82,1.27,0.93,8.6,3.75,0.88,0.06,1.18,0,0,0.19,0,0,0.05,0.52,0,0.54,0,0,0,0,0,0,0.04,0.03,0,0,0,0,0.18,0,0,0,0,0.16,0,0,0,0,0,0,0.08
2012-11,49.57,14.21,3.97,5.92,4.61,3.44,1.36,0.88,7.9,4.22,0.87,0.07,1.17,0,0,0.24,0,0,0.04,0.53,0,0.52,0,0,0,0,0,0,0.03,0.04,0,0,0,0,0.17,0,0,0,0,0.15,0,0,0,0,0,0,0.08
2012-12,49.35,15.04,3.89,5.63,5.32,2.97,1.35,0.88,7.3,4.42,0.84,0.07,1.13,0,0,0.31,0,0,0.04,0.49,0,0.49,0,0,0,0,0,0,0.03,0.05,0,0,0,0,0.18,0,0,0,0,0.15,0,0,0,0,0,0,0.07
2013-01,51.19,14.84,3.82,5.24,5.81,2.76,1.31,0.85,6.64,3.78,0.8,0.09,1.09,0,0,0.34,0,0,0.03,0.48,0,0.45,0,0,0,0,0,0,0.02,0.04,0,0,0,0,0.21,0,0,0,0,0.14,0,0,0,0,0,0,0.07
2013-02,51.95,15.05,3.95,4.93,5.81,2.67,1.29,0.82,6.12,3.76,0.82,0.09,1.03,0,0,0.35,0,0,0.03,0.47,0,0.42,0,0,0,0,0,0,0.02,0.04,0,0,0,0,0.19,0,0,0,0,0.13,0,0,0,0,0,0,0.06
2013-03,51.07,17.42,4.15,5.15,4.34,2.49,1.28,0.98,5.83,3.59,0.91,0.1,1.03,0,0,0.38,0,0,0.02,0.53,0,0.41,0,0,0,0,0,0,0.02,0.04,0,0,0,0,0.09,0,0,0,0,0.13,0,0,0,0,0,0,0.05
2013-04,51.73,17.78,4.2,5.01,4.29,2.45,1.24,1.02,5.55,3.06,0.92,0.1,1.01,0,0,0.38,0,0,0.02,0.54,0,0.4,0,0,0,0,0,0,0.02,0.03,0,0,0,0,0.07,0,0,0,0,0.12,0,0,0,0,0,0,0.05
2013-05,52.24,18.19,4.17,4.75,4.24,2.51,1.23,1.04,5.27,2.89,0.95,0.1,0.97,0,0,0.4,0,0,0.02,0.38,0,0.4,0,0,0,0,0,0,0.01,0.03,0,0,0,0,0.06,0,0,0,0,0.11,0,0,0,0,0,0,0.04
2013-06,52.12,18.24,4.14,4.42,4.17,3.39,1.26,1.05,4.9,2.79,0.96,0.11,0.98,0,0,0.43,0,0,0.02,0.41,0,0.38,0,0,0,0,0,0,0.01,0.03,0,0,0,0,0.06,0,0,0,0,0.1,0,0,0,0,0,0,0.03
2013-07,51.47,18.36,4.31,4.22,4.06,4.47,1.28,1.03,4.66,2.55,0.99,0.14,0.96,0,0,0.42,0,0,0.02,0.39,0,0.42,0,0,0,0,0,0,0.01,0.04,0,0,0,0,0.06,0,0,0,0,0.1,0,0,0,0,0,0,0.07
2013-08,50.29,19.19,4.45,3.98,4.18,5.14,1.26,1.05,4.45,2.47,1.01,0.17,0.93,0,0,0.43,0,0.01,0.02,0.3,0,0.41,0,0,0,0,0,0,0.01,0.04,0,0,0,0,0.06,0,0,0,0,0.09,0,0,0,0,0,0,0.06
2013-09,50.14,19.83,4.33,3.75,4.25,5.44,1.19,0.98,4.28,2.59,0.91,0.2,0.81,0,0,0.4,0,0.01,0.02,0.23,0,0.39,0,0,0,0,0,0,0.01,0.06,0,0,0,0,0.05,0,0,0,0,0.08,0,0,0,0,0,0,0.05
2013-10,49.15,20.02,4.43,3.62,4.82,5.61,1.25,0.96,4.04,2.89,0.89,0.27,0.78,0,0,0.41,0,0.01,0.02,0.2,0,0.38,0,0,0,0,0,0,0.01,0.07,0,0,0,0,0.05,0,0,0,0,0.08,0,0,0,0,0,0,0.04
2013-11,49.86,20.68,4.55,3.55,4.23,5.18,1.24,0.93,3.96,2.74,0.87,0.26,0.64,0,0,0.42,0,0.01,0.01,0.19,0,0.36,0,0,0,0,0,0,0.01,0.08,0.03,0,0,0,0.05,0,0,0,0,0.07,0,0,0,0,0,0,0.05
2013-12,50.07,20.94,4.57,3.3,4.58,4.88,1.21,0.9,3.73,2.79,0.88,0.31,0.55,0,0,0.42,0,0.02,0.01,0.15,0,0.32,0,0,0,0,0,0,0.01,0.11,0.07,0,0,0,0.05,0,0,0,0,0.07,0,0,0,0,0,0,0.06
2014-01,52.56,20.65,4.4,3.02,4.63,3.81,1.15,0.89,3.32,2.63,0.83,0.37,0.52,0,0,0.41,0,0.02,0.01,0.13,0,0.28,0,0,0,0,0,0,0.01,0.1,0.1,0,0,0,0.05,0,0,0,0,0.06,0,0,0,0,0,0,0.05
2014-02,50.76,23.12,4.64,3.49,3.55,3.04,1.15,1.05,3.12,2.74,0.82,0.58,0.74,0.03,0,0.4,0,0.04,0.01,0.11,0,0.25,0,0,0,0.01,0,0,0.01,0.09,0.1,0,0,0,0.05,0,0,0,0,0.05,0,0,0,0.01,0,0,0.04
2014-03,50.84,23.71,4.68,3.79,3.19,2.11,1.1,1.09,2.94,3.1,0.83,0.73,0.83,0.01,0,0.37,0,0.03,0.01,0.1,0,0.23,0,0,0,0,0,0,0,0.09,0.09,0,0,0,0.05,0,0,0,0,0.05,0,0,0,0.02,0,0,0.03
2014-04,50.08,24.14,4.74,3.82,3.14,1.87,1.11,1.17,2.88,3.21,0.96,0.83,0.94,0.01,0,0.36,0,0.04,0.01,0.1,0,0.21,0,0,0,0,0,0,0,0.1,0.1,0,0,0,0.05,0,0,0,0,0.04,0,0,0,0.04,0,0,0.04
2014-05,48.68,25.29,4.9,3.86,3.14,1.79,1.12,1.2,2.85,3.27,1,0.88,0.98,0.01,0,0.35,0,0.04,0.01,0.09,0,0.19,0,0,0,0,0,0,0,0.11,0.09,0,0,0,0.05,0,0,0,0,0.04,0,0,0,0.04,0,0,0.04
2014-06,48.46,25.55,4.97,3.89,3.18,1.78,1.11,1.17,2.81,3.21,0.97,0.93,0.96,0,0,0.33,0,0.04,0.01,0.09,0,0.17,0,0,0,0,0,0,0,0.12,0.1,0,0,0,0.05,0,0,0,0,0.03,0,0,0,0.03,0,0,0.03
2014-07,48.84,25.6,4.97,3.85,3.1,1.7,1.03,1.29,2.75,3.13,0.84,0.95,0.97,0.01,0,0.31,0,0.05,0.01,0.09,0,0.15,0,0,0,0,0,0,0,0.13,0.1,0,0,0,0.05,0,0,0,0,0.03,0,0,0,0.02,0,0,0.04
2014-08,48.69,26.24,5.21,3.87,3.06,1.47,1,1.18,2.58,2.95,0.81,0.93,0.93,0.01,0,0.4,0,0.07,0.01,0.07,0,0.14,0,0,0,0,0,0,0,0.14,0.1,0,0,0,0.04,0,0,0,0,0.03,0,0,0,0.02,0,0,0.04
2014-09,50.74,25.78,5.11,3.79,2.73,1.34,0.91,1.13,2.44,2.58,0.75,0.86,0.82,0.01,0.02,0.38,0,0.07,0,0.05,0,0.12,0,0,0,0,0,0,0,0.13,0.09,0,0,0,0.03,0,0,0,0,0.02,0,0,0,0.02,0,0,0.04
2014-10,51.1,25.52,5.47,3.85,2.7,1.11,1.01,1.1,2.24,2.18,0.85,0.98,0.99,0.01,0.03,0.33,0,0.07,0,0.05,0,0.11,0,0,0,0,0,0,0,0.08,0.1,0,0,0,0.03,0,0,0,0,0.02,0,0,0,0.02,0,0,0.03
2014-11,46.98,27.56,6.25,4.07,3.09,1.23,1.13,1.06,2.39,2.12,0.99,1.02,1.03,0.02,0.04,0.42,0.01,0.09,0,0.08,0,0.12,0.01,0,0,0,0,0,0,0.05,0.11,0,0,0,0.03,0,0,0,0,0.02,0.01,0,0,0.03,0,0,0.03
2014-12,46.19,28.26,6.42,4.25,3.02,1.08,1,1.04,2.54,2,0.98,1.13,0.96,0.02,0.06,0.46,0.01,0.09,0,0.07,0,0.1,0.02,0,0,0.01,0,0,0,0.04,0.1,0,0,0,0.03,0,0,0,0.03,0.02,0.05,0,0,0.02,0,0,0.03
2015-01,47.5,26.43,6.52,4.13,2.91,1,1.04,0.99,2.5,2.16,1.03,1.4,1.03,0.02,0.08,0.47,0.01,0.11,0,0.07,0,0.09,0.03,0,0,0.01,0,0,0,0.06,0.11,0,0,0,0.03,0,0,0,0.14,0.02,0.07,0,0,0.01,0,0,0.03
2015-02,47.67,25.7,6.71,4.17,2.96,0.94,1.04,0.97,2.51,2.16,1.12,1.5,1.07,0.02,0.09,0.47,0.01,0.15,0.01,0.06,0,0.08,0.03,0,0,0.01,0,0,0,0.06,0.12,0,0,0,0.03,0,0,0,0.19,0.01,0.08,0,0,0.01,0,0,0.03
2015-03,48.21,25.52,6.65,4.01,3.04,0.93,0.96,0.99,2.56,2.11,1.15,1.45,1,0.03,0.1,0.47,0.01,0.12,0,0.06,0,0.07,0.04,0,0,0.02,0,0,0,0.07,0.1,0,0,0,0.03,0,0,0,0.15,0.01,0.08,0,0,0.02,0,0,0.04
2015-04,45.15,26.65,7.03,4.27,3.48,0.84,1.13,1.11,2.6,2.35,1.26,1.61,1.1,0.04,0.11,0.48,0.02,0.13,0.01,0.05,0,0.07,0.04,0,0,0.02,0,0,0,0.07,0.1,0,0,0,0.03,0,0,0,0.09,0.01,0.09,0,0,0.02,0,0,0.04
2015-05,44.44,26.96,7.12,4.3,3.51,0.76,1.16,1.19,2.61,2.22,1.32,1.63,1.17,0.1,0.13,0.5,0.05,0.15,0.01,0.04,0,0.07,0.04,0,0,0.02,0.04,0,0,0.07,0.1,0,0,0,0.03,0,0,0,0.09,0.01,0.09,0,0,0.02,0,0,0.04
2015-06,45.58,26.34,6.95,4.11,3.47,0.69,1.22,1.15,2.51,2.01,1.27,1.52,1.11,0.51,0.13,0.49,0.13,0.16,0.01,0.04,0,0.06,0.05,0,0,0.03,0.04,0,0,0.06,0.1,0,0,0,0.03,0,0,0,0.09,0.01,0.09,0,0,0.01,0,0,0.03
2015-07,46.69,25.55,6.72,3.98,3.78,0.72,1.28,1.26,2.37,1.98,1.24,1.51,1.07,0.35,0.12,0.46,0.14,0.17,0.01,0.04,0,0.06,0.04,0,0,0.03,0.05,0,0,0.06,0.09,0,0,0,0.02,0,0,0,0.08,0.01,0.09,0,0,0.02,0,0,0.03
2015-08,46.88,25.92,6.81,3.95,3.85,0.71,1.28,0.98,2.25,1.87,1.23,1.42,1,0.36,0.11,0.45,0.11,0.18,0,0.03,0,0.05,0.06,0,0,0.03,0.06,0,0,0.07,0.09,0,0,0,0.02,0,0,0,0.07,0.01,0.08,0,0,0.02,0,0,0.04
2015-09,45.86,27.03,7.2,4.06,3.86,0.64,1.18,0.94,2.28,1.85,1.27,1.42,0.96,0.05,0.12,0.44,0.02,0.17,0,0.03,0,0.05,0.07,0,0,0.03,0.06,0,0,0.07,0.08,0,0,0,0.02,0,0,0,0.06,0.01,0.08,0,0,0.02,0,0,0.05
2015-10,45.24,27.06,7.35,4.07,3.97,0.7,1.24,1.05,2.26,1.97,1.24,1.39,0.97,0.05,0.12,0.41,0.02,0.2,0,0.03,0,0.05,0.08,0,0,0.03,0.07,0,0,0.08,0.09,0,0,0,0.02,0,0,0,0.06,0.01,0.07,0,0,0.02,0,0,0.05
2015-11,46.49,26.66,7.33,4.12,3.98,0.58,1.22,0.95,2.2,1.75,1.16,1.25,0.95,0.05,0.11,0.37,0.02,0.19,0,0.03,0,0.04,0.08,0,0,0.02,0.08,0,0,0.06,0.08,0,0,0,0.02,0,0,0,0.06,0.01,0.07,0,0,0.02,0,0,0.04
2015-12,47.02,26.19,7.21,3.94,4.35,0.65,1.18,1.14,2.22,1.66,1.06,1.09,0.94,0.05,0.11,0.34,0.02,0.23,0,0.02,0,0.04,0.12,0,0,0.02,0.07,0,0,0.07,0.08,0,0,0,0.02,0,0,0,0.05,0.01,0.06,0,0,0.01,0,0,0.03
2016-01,47.72,26.06,7.18,3.92,4.75,0.49,1.27,0.96,2.07,1.36,0.99,1.01,0.85,0.08,0.1,0.3,0.05,0.22,0,0.02,0,0.03,0.12,0,0,0.02,0.07,0,0,0.08,0.08,0,0,0,0.02,0,0,0,0.05,0.01,0.05,0,0,0.01,0,0,0.03
2016-02,48.71,26.37,6.99,3.77,4.2,0.53,1.27,0.93,2.01,1.28,0.88,0.92,0.79,0.1,0.1,0.28,0.06,0.23,0,0.02,0,0.03,0.11,0,0,0.02,0.07,0,0,0.08,0.08,0,0,0,0.02,0,0,0,0.05,0.01,0.05,0,0,0.01,0,0,0.03
2016-03,47.39,27.34,7.46,3.92,3.43,0.73,1.47,0.9,1.87,1.11,1.02,1.05,0.93,0.17,0.09,0.25,0.09,0.24,0,0.02,0,0.03,0.1,0,0,0.02,0.07,0,0,0.07,0.07,0,0,0,0.02,0,0,0,0.04,0.01,0.04,0,0,0.02,0,0,0.04
2016-04,46.84,27.28,7.58,3.88,3.77,1.03,1.53,0.95,1.81,1.06,1,1.05,0.96,0.1,0.09,0.23,0.03,0.26,0,0.02,0,0.03,0.1,0,0,0.02,0.07,0,0,0.07,0.07,0,0,0,0.02,0,0,0,0.04,0.01,0.04,0,0,0.02,0,0,0.04
2016-05,46.91,26.88,7.58,3.83,4.14,1.02,1.62,0.96,1.78,1.05,0.97,1.03,0.98,0.08,0.09,0.21,0.04,0.3,0,0.02,0,0.03,0.11,0,0,0.02,0.07,0,0,0.07,0.07,0,0,0,0.02,0,0,0,0.03,0,0.03,0,0,0.02,0,0,0.04
2016-06,47.66,26.83,7.46,3.79,4.12,0.83,1.61,1.12,1.72,0.95,0.92,0.98,0.9,0.06,0.09,0.2,0.02,0.27,0,0.02,0,0.03,0.09,0,0,0.02,0.07,0,0,0.04,0.07,0,0,0,0.02,0,0,0,0.03,0,0.03,0,0,0.01,0,0,0.04
2016-07,46.54,26.66,7.32,3.83,4.21,0.73,1.66,2.84,1.64,0.83,0.89,0.92,0.86,0.05,0.08,0.18,0.02,0.28,0,0.02,0,0.02,0.09,0,0,0.02,0.06,0,0,0.03,0.06,0,0,0,0.02,0,0,0,0.03,0,0.03,0,0,0.02,0,0,0.04
2016-08,47.26,26.86,7.41,3.91,4.93,0.62,1.8,0.99,1.59,0.79,0.86,0.9,0.9,0.07,0.08,0.17,0.02,0.32,0,0.02,0,0.02,0.1,0,0,0.02,0.06,0,0,0.08,0.06,0,0,0,0.02,0,0,0,0.03,0,0.03,0,0,0.02,0,0,0.05
2016-09,45.05,26.92,7.05,3.96,6.65,0.68,1.9,0.94,1.57,0.86,0.79,0.87,0.91,0.17,0.1,0.15,0.03,0.58,0,0.02,0,0.02,0.14,0,0,0.03,0.05,0,0,0.31,0.06,0,0,0,0.02,0,0,0,0.03,0,0.02,0,0,0.02,0.01,0,0.1
2016-10,47.57,26.58,7.34,3.92,4.74,0.71,1.93,0.95,1.49,0.82,1.04,0.93,0.82,0.06,0.08,0.15,0.02,0.35,0,0.02,0,0.02,0.09,0,0,0.04,0.05,0,0,0.05,0.05,0,0,0,0.02,0,0,0,0.03,0,0.04,0,0,0.02,0,0,0.07
2016-11,46.36,28.04,7.71,3.96,3.18,0.62,1.9,0.94,1.43,0.67,1.48,1.24,0.91,0.08,0.11,0.24,0.03,0.33,0,0.02,0,0.02,0.08,0.07,0,0.13,0.08,0,0,0.04,0.05,0,0,0,0.03,0,0,0,0.03,0,0.03,0.02,0,0.02,0.02,0,0.13
2016-12,46.75,27.8,7.88,3.89,2.33,0.48,1.85,0.98,1.37,0.54,1.7,1.55,1.03,0.07,0.14,0.31,0.03,0.33,0,0.02,0,0.02,0.09,0.17,0,0.14,0.13,0,0,0.02,0.04,0,0,0.01,0.05,0.01,0,0,0.04,0,0.02,0.04,0,0.02,0.01,0,0.15
2017-01,48.04,27.8,7.59,3.67,1.94,0.46,1.69,0.95,1.31,0.48,1.71,1.5,0.84,0.09,0.14,0.3,0.04,0.33,0,0.02,0,0.01,0.1,0.19,0,0.14,0.14,0,0,0.03,0.04,0,0,0.01,0.04,0.03,0,0,0.04,0,0.02,0.05,0,0.02,0.01,0,0.21
2017-02,48.43,27.66,7.52,3.63,1.74,0.42,1.68,0.99,1.23,0.47,1.76,1.53,0.76,0.09,0.15,0.29,0.04,0.34,0,0.02,0,0.01,0.11,0.26,0,0.14,0.15,0,0,0.02,0.04,0.01,0.01,0.01,0.04,0.04,0,0,0.03,0,0.02,0.06,0,0.02,0.01,0,0.26
2017-03,48.53,27.92,7.61,3.58,1.54,0.37,1.57,1.05,1.16,0.42,1.81,1.49,0.69,0.1,0.15,0.29,0.04,0.35,0,0.02,0,0.01,0.12,0.28,0,0.14,0.15,0,0,0.02,0.03,0.01,0.01,0.01,0.04,0.04,0,0,0.03,0,0.01,0.06,0,0.03,0.02,0,0.3
2017-04,48.52,27.55,7.65,3.57,1.6,0.33,1.7,1.08,1.11,0.4,1.84,1.5,0.73,0.12,0.17,0.28,0.05,0.39,0,0.02,0,0.01,0.12,0.29,0,0.14,0.16,0,0,0.02,0.03,0.01,0.01,0.01,0.04,0.04,0,0,0.03,0,0.01,0.06,0,0.04,0.02,0,0.34
2017-05,48.23,27.29,7.8,3.64,1.84,0.31,1.73,1.06,1.08,0.39,1.87,1.48,0.72,0.16,0.17,0.28,0.06,0.41,0,0.02,0,0.01,0.13,0.28,0,0.14,0.17,0,0,0.03,0.03,0.01,0.02,0.02,0.04,0.05,0,0,0.03,0,0.01,0.06,0,0.04,0.03,0,0.36
2017-06,48.11,27.96,7.95,3.65,1.41,0.26,1.66,1.03,1.06,0.34,1.96,1.45,0.68,0.15,0.16,0.29,0.06,0.38,0,0.02,0,0.01,0.14,0.27,0,0.14,0.17,0,0,0.02,0.03,0.01,0.02,0.02,0.03,0.05,0,0,0.03,0,0.01,0.06,0.01,0.03,0.02,0,0.33
2017-07,47.39,28.6,7.92,3.73,1.46,0.24,1.71,1.05,1.09,0.32,1.9,1.38,0.67,0.17,0.16,0.28,0.08,0.42,0,0.01,0,0.01,0.15,0.25,0,0.14,0.17,0,0,0.01,0.03,0.01,0.02,0.01,0.03,0.06,0,0,0.03,0,0.01,0.06,0.01,0.03,0.03,0,0.34
2017-08,48.86,27.56,7.74,3.59,1.46,0.22,1.76,0.99,1.2,0.28,1.88,1.32,0.65,0.18,0.15,0.26,0.08,0.41,0.02,0.01,0,0.01,0.14,0.24,0,0.13,0.18,0,0,0.01,0.03,0.01,0.02,0.01,0.03,0.06,0,0,0.03,0,0.01,0.05,0.01,0.03,0.02,0,0.34
2017-09,46.72,28,7.89,3.74,1.85,0.22,2.05,0.98,1.13,0.3,1.99,1.53,0.72,0.23,0.16,0.24,0.1,0.45,0.02,0.01,0,0.01,0.15,0.29,0,0.13,0.25,0,0,0.02,0.02,0.01,0.03,0.01,0.04,0.09,0,0,0.02,0,0.01,0.05,0.02,0.03,0.04,0,0.47
2017-10,48.57,26.93,7.38,3.8,1.85,0.21,2.04,1.06,0.95,0.27,1.91,1.36,0.68,0.27,0.2,0.23,0.13,0.44,0.01,0.01,0,0.01,0.16,0.26,0,0.13,0.21,0,0,0.03,0.02,0.01,0.04,0.01,0.03,0.09,0,0,0.02,0,0.01,0.05,0.01,0.04,0.05,0,0.49
2017-11,50.53,25.97,7.38,3.78,1.59,0.18,1.81,1.17,0.96,0.22,1.91,1.1,0.6,0.3,0.19,0.22,0.13,0.42,0.02,0.01,0,0.01,0.15,0.22,0,0.13,0.15,0,0,0.03,0.02,0.01,0.05,0.02,0.03,0.07,0,0,0.02,0,0.01,0.05,0.01,0.04,0.04,0,0.42
2017-12,49.89,26.33,7.65,3.79,1.54,0.16,1.74,1.45,0.93,0.2,1.94,1.03,0.58,0.34,0.13,0.22,0.12,0.53,0.02,0.01,0,0,0.15,0.2,0,0.12,0.13,0,0,0.02,0.02,0.01,0.07,0.02,0.03,0.07,0,0,0.02,0,0.01,0.05,0.01,0.03,0.04,0,0.4
2018-01,48.76,26.72,7.68,4.01,1.63,0.15,2,1.61,0.72,0.2,1.95,1.05,0.63,0.31,0.11,0.2,0.11,0.69,0,0.01,0,0,0.16,0.22,0,0.11,0.15,0,0,0.01,0.02,0.02,0.05,0.04,0.03,0.09,0,0,0.03,0,0.01,0.05,0.02,0.02,0.03,0,0.4
2018-02,49.23,26.55,7.59,4.13,1.61,0.14,2,1.53,0.69,0.18,1.95,1.01,0.6,0.35,0.09,0.19,0.13,0.63,0,0.01,0,0,0.15,0.2,0,0.11,0.14,0,0,0.01,0.02,0.02,0.05,0.02,0.03,0.1,0,0,0.02,0,0,0.04,0.02,0.02,0.04,0,0.38
2018-03,50.58,25.51,6.97,4.29,1.72,0.13,2.22,1.57,0.69,0.17,1.81,0.99,0.62,0.42,0.09,0.18,0.15,0.44,0,0.01,0,0,0.16,0.22,0,0.1,0.15,0,0,0.02,0.02,0.02,0.06,0.02,0.03,0.11,0,0,0.02,0,0,0.04,0.01,0.03,0.05,0,0.41
2018-04,48.27,26.49,7.38,4.47,1.7,0.13,2.38,1.63,0.65,0.21,2.09,1.06,0.63,0.5,0.1,0.17,0.16,0.43,0.05,0.01,0,0.01,0.17,0.2,0,0.1,0.15,0,0,0.02,0.02,0.02,0.07,0.02,0.03,0.12,0,0,0.02,0,0.01,0.04,0.02,0.02,0.04,0,0.43
2018-05,48.54,26.3,7.35,4.56,1.44,0.11,2.48,1.54,0.61,0.22,2.21,1.09,0.64,0.49,0.09,0.17,0.16,0.42,0.07,0.01,0,0.01,0.16,0.19,0,0.11,0.17,0,0,0.02,0.02,0.02,0.08,0.02,0.02,0.13,0,0,0.02,0,0.01,0.04,0.01,0.02,0.04,0,0.44
2018-06,48,26.59,7.44,4.76,1.4,0.1,2.43,1.55,0.57,0.22,2.22,1.19,0.63,0.47,0.08,0.17,0.16,0.41,0.08,0.01,0,0.01,0.15,0.17,0,0.11,0.17,0,0,0.02,0.02,0.02,0.08,0.02,0.02,0.13,0,0,0.02,0,0,0.04,0.03,0.02,0.03,0,0.44
2018-07,47.39,26.93,7.22,4.48,1.57,0.1,2.39,1.63,0.53,0.22,2.05,1.98,0.57,0.51,0.08,0.16,0.17,0.4,0.08,0.01,0,0.01,0.15,0.17,0,0.11,0.16,0,0,0.02,0.01,0.02,0.1,0.02,0.02,0.12,0,0,0.02,0,0,0.04,0.06,0.02,0.04,0,0.45
2018-08,48.58,26.31,7.12,4.24,1.51,0.09,2.28,1.7,0.48,0.2,2.05,2.09,0.52,0.49,0.19,0.15,0.15,0.32,0.07,0.01,0,0,0.14,0.16,0,0.11,0.15,0,0,0.01,0.01,0.02,0.09,0.03,0.02,0.12,0,0,0.01,0,0,0.04,0.05,0.02,0.03,0,0.38
2018-09,49.1,26.12,7.37,4.3,1.36,0.09,2.37,1.75,0.45,0.19,1.95,1.7,0.5,0.49,0.26,0.15,0.14,0.28,0.07,0.01,0,0,0.16,0.13,0,0.11,0.15,0,0,0.01,0.01,0.02,0.09,0.02,0.02,0.11,0.02,0,0.01,0,0.01,0.03,0.01,0.01,0.03,0,0.39
2018-10,51.07,24.41,7.09,4.57,1.39,0.08,2.37,1.74,0.44,0.18,1.67,1.74,0.49,0.56,0.24,0.14,0.16,0.29,0.07,0.01,0,0,0.15,0.12,0,0.1,0.15,0,0,0.01,0.01,0.03,0.1,0.02,0.02,0.11,0.03,0,0.01,0,0,0.03,0.01,0.01,0.03,0,0.34
2018-11,56.83,20.92,6.24,4.97,1.49,0.07,1.85,1.85,0.45,0.18,1.23,1,0.3,0.74,0.15,0.09,0.18,0.33,0.03,0.02,0,0,0.08,0.09,0,0.1,0.1,0,0,0.01,0.01,0.03,0.15,0.02,0.01,0.07,0.02,0,0.01,0,0,0.01,0.04,0.01,0.03,0,0.26
2018-12,52.43,25.6,6.11,4.9,1.39,0.06,2.13,2.03,0.39,0.18,1.11,0.45,0.27,1.01,0.25,0.08,0.26,0.32,0.02,0.01,0,0,0.09,0.07,0,0.1,0.07,0,0,0.02,0.01,0.02,0.2,0.02,0.01,0.06,0.02,0,0.01,0,0,0.01,0.01,0.02,0.03,0,0.23
2019-01,52.28,26.42,5.77,4.95,1.38,0.07,2.22,2.03,0.36,0.18,0.95,0.41,0.25,0.95,0.23,0.07,0.24,0.31,0.02,0.01,0,0,0.08,0.06,0,0.08,0.06,0,0,0.02,0.01,0.03,0.18,0.02,0.01,0.05,0.02,0,0.01,0,0,0.01,0,0.02,0.03,0,0.2
2019-02,52.55,26.25,5.74,4.91,1.48,0.07,2.18,2.13,0.35,0.19,0.88,0.38,0.23,0.96,0.24,0.06,0.23,0.3,0.02,0.01,0,0,0.07,0.05,0,0.08,0.06,0,0,0.02,0.01,0.02,0.2,0.01,0.01,0.05,0.02,0,0.01,0,0,0,0,0.01,0.02,0,0.19
2019-03,49.7,26.84,6.61,4.76,1.37,0.09,2.41,2,0.32,0.25,1.18,0.66,0.46,0.91,0.4,0.11,0.27,0.28,0.05,0.01,0,0,0.19,0.08,0,0.06,0.13,0,0,0.01,0.01,0.03,0.17,0.02,0.01,0.11,0.09,0,0.01,0,0,0.02,0,0.01,0.03,0,0.34
2019-04,49.9,26.66,6.45,4.75,1.56,0.09,2.46,2.12,0.31,0.25,1.08,0.68,0.45,0.86,0.43,0.1,0.26,0.25,0.05,0.01,0,0,0.19,0.07,0,0.06,0.12,0,0,0.01,0.01,0.02,0.17,0.02,0.01,0.1,0.1,0,0.01,0,0,0.02,0,0.01,0.03,0,0.32
2019-05,48.68,26.88,6.68,4.95,2.01,0.06,2.68,2.15,0.29,0.24,1.07,0.67,0.44,0.83,0.44,0.1,0.27,0.24,0.05,0,0,0,0.19,0.07,0,0.05,0.12,0,0,0.02,0.01,0.02,0.17,0.02,0.01,0.1,0.1,0,0.01,0,0,0.02,0,0.01,0.03,0,0.32
2019-06,48.29,27.21,6.62,4.93,2.29,0.06,2.59,2.31,0.26,0.23,1.1,0.65,0.38,0.82,0.44,0.11,0.23,0.24,0.05,0,0,0,0.16,0.07,0,0.05,0.12,0,0,0.01,0.01,0.02,0.16,0.01,0.01,0.09,0.11,0,0.01,0,0,0.02,0,0.01,0.02,0,0.29
2019-07,50.11,26.19,6.21,5.01,1.88,0.07,2.68,2.26,0.26,0.24,1.02,0.59,0.37,0.86,0.43,0.08,0.23,0.25,0.04,0,0,0,0.15,0.06,0,0.05,0.12,0,0,0.01,0.01,0.02,0.18,0.02,0.01,0.1,0.11,0,0.01,0,0,0.02,0,0.01,0.02,0,0.3
2019-08,50.43,25.51,6.26,5.01,1.77,0.06,2.66,2.34,0.25,0.25,0.99,0.81,0.35,1,0.45,0.08,0.27,0.24,0.04,0,0.01,0,0.15,0.05,0.02,0.04,0.1,0,0,0.02,0.01,0.02,0.2,0.02,0.01,0.09,0.11,0,0.01,0,0,0.02,0.03,0.01,0.03,0,0.31
2019-09,50.02,26.33,6.06,4.94,1.2,0.05,3.54,2.23,0.23,0.25,0.88,0.75,0.33,0.94,0.5,0.07,0.22,0.21,0.04,0,0.01,0,0.13,0.05,0.03,0.09,0.1,0,0,0.02,0.01,0.02,0.18,0.02,0.01,0.08,0.1,0,0.01,0,0,0.02,0.03,0.01,0.02,0,0.28
2019-10,48.29,27.95,6.13,4.88,1.25,0.05,3.81,2.25,0.21,0.25,0.82,0.71,0.3,0.91,0.53,0.07,0.2,0.2,0.03,0,0,0,0.12,0.05,0.03,0.12,0.09,0,0,0.01,0.01,0.02,0.18,0.02,0.01,0.08,0.1,0,0.01,0,0,0.01,0.03,0.01,0.02,0,0.25
2019-11,50.47,27.42,5.8,4.45,1.08,0.04,3.45,2.29,0.18,0.23,0.77,0.64,0.27,0.83,0.52,0.09,0.19,0.18,0.05,0,0,0,0.11,0.04,0.04,0.13,0.07,0,0,0.01,0.01,0.02,0.17,0.02,0.01,0.06,0.09,0,0.01,0,0,0.01,0.04,0.01,0.02,0,0.21
2019-12,51.24,27.74,5.78,4.31,0.97,0.04,2.99,2.37,0.16,0.21,0.69,0.6,0.23,0.71,0.54,0.11,0.15,0.14,0.07,0,0,0,0.09,0.03,0.03,0.15,0.05,0.01,0,0,0,0.01,0.13,0.02,0.01,0.04,0.09,0,0,0,0,0.02,0.05,0.01,0.01,0,0.18
2020-01,52,26.8,5.41,4.28,0.91,0.04,3.53,2.31,0.15,0.22,0.68,0.59,0.24,0.83,0.56,0.08,0.15,0.14,0.08,0,0.01,0,0.09,0.03,0.04,0.14,0.06,0.02,0,0,0,0.02,0.13,0.02,0.01,0.05,0.09,0,0,0,0,0.02,0.05,0.01,0.01,0.01,0.19
2020-02,52.67,26.33,5.21,4.23,0.87,0.03,3.64,2.3,0.14,0.23,0.66,0.59,0.24,0.86,0.57,0.08,0.15,0.14,0.07,0,0.01,0,0.09,0.02,0.04,0.13,0.06,0.03,0,0,0,0.01,0.13,0.02,0,0.05,0.08,0,0,0,0,0.02,0.04,0.01,0.02,0.03,0.2
2020-03,54.62,25.69,4.89,3.9,0.8,0.03,3.42,2.29,0.12,0.19,0.59,0.54,0.22,0.8,0.56,0.07,0.14,0.13,0.07,0,0.01,0,0.08,0.02,0.04,0.12,0.04,0.03,0,0,0,0.01,0.11,0.02,0,0.04,0.08,0,0,0,0,0.02,0.03,0.01,0.01,0.03,0.2
2020-04,55.53,25.27,4.75,3.89,0.75,0.03,3.37,2.23,0.11,0.18,0.56,0.54,0.21,0.78,0.56,0.07,0.12,0.13,0.06,0,0.01,0,0.07,0.02,0.03,0.12,0.04,0.04,0,0,0,0.01,0.1,0.01,0,0.04,0.07,0,0,0,0,0.02,0.03,0,0.01,0.03,0.19
2020-05,52.49,26.33,5.13,4.4,0.91,0.03,3.74,2.32,0.12,0.2,0.67,0.68,0.23,0.82,0.57,0.08,0.11,0.16,0.07,0,0.01,0,0.08,0.03,0.03,0.11,0.05,0.04,0,0,0.01,0.02,0.1,0.02,0.01,0.05,0.08,0,0,0,0,0.02,0.05,0.01,0.01,0.04,0.2
2020-06,51.24,26.92,4.79,4.72,0.99,0.03,4.26,2.38,0.12,0.21,0.64,0.55,0.24,0.94,0.58,0.08,0.12,0.16,0.06,0,0.01,0,0.08,0.02,0.03,0.1,0.05,0.05,0,0,0.01,0.02,0.11,0.02,0,0.05,0.08,0,0,0,0,0.02,0.04,0.01,0.01,0.04,0.21
2020-07,52.24,26.52,4.54,4.56,1.01,0.03,4.16,2.36,0.11,0.22,0.59,0.51,0.23,0.97,0.58,0.08,0.13,0.16,0.06,0,0.01,0,0.08,0.02,0.04,0.09,0.05,0.06,0,0,0.01,0.02,0.12,0.02,0,0.04,0.08,0,0,0,0,0.02,0.02,0.01,0.01,0.04,0.2
2020-08,52.79,26.22,4.38,4.6,1.09,0.03,4.15,2.28,0.1,0.22,0.56,0.48,0.22,0.97,0.58,0.08,0.13,0.16,0.06,0,0.01,0,0.07,0.02,0.04,0.09,0.05,0.06,0,0,0.01,0.02,0.11,0.02,0,0.04,0.08,0,0,0,0,0.02,0.02,0.01,0.01,0.04,0.19
2020-09,53.55,25.99,4.36,4.43,1.01,0.03,3.94,2.26,0.09,0.21,0.53,0.45,0.2,1.01,0.59,0.08,0.14,0.15,0.05,0,0.01,0,0.07,0.02,0.04,0.08,0.04,0.07,0,0,0,0.03,0.11,0.03,0,0.04,0.08,0,0,0,0,0.02,0.02,0,0.01,0.04,0.18
2020-10,53.73,25.69,4.24,4.59,1.1,0.03,3.95,2.25,0.09,0.21,0.52,0.43,0.19,1.1,0.59,0.08,0.16,0.16,0.04,0,0.01,0,0.06,0.02,0.05,0.09,0.04,0.06,0,0,0,0.04,0.09,0.04,0,0.04,0.08,0,0,0,0,0.02,0.01,0,0.01,0.04,0.17
2020-11,55.59,25.07,4.02,4.3,1.28,0.03,3.43,2.28,0.07,0.18,0.45,0.37,0.16,1.03,0.58,0.08,0.16,0.15,0.03,0,0.01,0,0.06,0.01,0.06,0.09,0.04,0.01,0,0,0,0.05,0,0.04,0,0.03,0.08,0,0,0,0,0.02,0.01,0,0.01,0.04,0.16
2020-12,55.94,25.3,4.17,4.08,1.02,0.02,3.16,2.17,0.07,0.17,0.41,0.34,0.14,1.1,0.57,0.09,0.19,0.14,0.08,0,0.13,0,0.06,0.01,0.08,0.08,0.03,0.01,0,0,0,0.05,0,0.05,0,0.02,0.08,0,0,0,0,0.02,0.04,0,0.01,0.03,0.15
2021-01,56.22,25.05,4.07,4.05,1,0.02,3.18,2.19,0.06,0.17,0.4,0.31,0.13,1.16,0.56,0.08,0.22,0.14,0.1,0,0.15,0,0.06,0.01,0.09,0.08,0.03,0.01,0,0,0,0.05,0,0.05,0,0.02,0.07,0,0,0,0,0.02,0.04,0,0.01,0.03,0.16
2021-02,55.5,25.32,4.17,4.17,1.08,0.02,3.16,2.17,0.06,0.17,0.41,0.31,0.13,1.26,0.56,0.08,0.23,0.16,0.12,0,0.17,0,0.05,0.01,0.11,0.08,0.03,0.01,0,0,0,0.05,0,0.05,0,0.02,0.07,0,0,0,0,0.02,0.04,0,0.01,0.03,0.15
2021-03,55.22,25.49,4.19,4.2,1.18,0.02,3.07,2.18,0.05,0.18,0.39,0.28,0.12,1.29,0.58,0.08,0.26,0.15,0.13,0,0.19,0,0.06,0.01,0.12,0.09,0.02,0.01,0,0,0,0.05,0,0.05,0,0.02,0.07,0,0,0,0,0.02,0.04,0,0.01,0.03,0.14
2021-04,54.62,25.49,4.15,4.27,1.63,0.03,3.06,2.17,0.05,0.19,0.38,0.26,0.11,1.41,0.58,0.08,0.28,0.15,0.13,0,0.21,0,0.06,0.01,0.13,0.08,0.02,0.02,0,0,0,0.05,0,0.05,0,0.02,0.07,0,0,0,0,0.02,0.04,0,0.01,0.03,0.13
2021-05,53.93,25.79,4.24,4.33,1.86,0.02,2.96,2.15,0.05,0.18,0.35,0.24,0.1,1.5,0.57,0.08,0.32,0.16,0.15,0,0.23,0,0.06,0.01,0.16,0.09,0.02,0.02,0,0,0,0.05,0,0.05,0,0.02,0.07,0,0,0,0,0.02,0.05,0,0.01,0.03,0.13
2021-06,53.62,26.16,4.31,4.49,1.54,0.02,2.89,2.11,0.05,0.19,0.35,0.24,0.11,1.55,0.57,0.08,0.35,0.15,0.16,0,0.25,0,0.06,0.01,0.17,0.09,0.02,0.01,0,0,0,0.06,0,0.05,0,0.01,0.07,0,0,0,0,0.01,0.06,0,0.01,0.03,0.13
2021-07,53.6,26.28,4.27,4.52,1.61,0.02,2.75,2.1,0.04,0.19,0.33,0.23,0.1,1.52,0.6,0.08,0.35,0.16,0.17,0,0.25,0,0.05,0.01,0.16,0.09,0.02,0.01,0,0,0,0.06,0,0.06,0,0.02,0.07,0,0,0,0,0.01,0.08,0,0.01,0.03,0.13
2021-08,52.8,27.65,3.99,4.5,1.07,0.02,2.74,2.05,0.04,0.17,0.33,0.21,0.09,1.61,0.79,0.07,0.36,0.16,0.17,0,0.26,0,0.05,0.01,0.16,0.07,0.02,0.01,0,0,0,0.07,0,0.08,0,0.01,0.06,0,0,0,0,0.01,0.2,0,0.01,0.02,0.13
2021-09,52.98,27.59,3.86,4.66,1.08,0.02,2.72,1.97,0.04,0.17,0.34,0.2,0.09,1.68,0.78,0.07,0.37,0.16,0.16,0,0.25,0,0.05,0.01,0.16,0.07,0.02,0.01,0,0,0,0.06,0,0.07,0,0.01,0.06,0,0,0,0,0.01,0.12,0,0.01,0.02,0.12
2021-10,53.5,27.61,3.75,4.66,1.07,0.01,2.64,1.94,0.04,0.16,0.32,0.18,0.08,1.61,0.75,0.07,0.35,0.16,0.14,0,0.21,0,0.04,0.01,0.15,0.07,0.02,0.01,0,0,0,0.05,0,0.06,0,0.01,0.06,0,0,0,0,0.01,0.09,0,0.01,0.02,0.11
2021-11,54.45,27.39,3.52,4.71,1.08,0.01,2.4,1.87,0.03,0.15,0.31,0.17,0.08,1.55,0.74,0.07,0.33,0.15,0.13,0,0.18,0,0.04,0.01,0.14,0.07,0.01,0.01,0,0,0,0.05,0,0.05,0,0.01,0.06,0,0,0,0,0.01,0.08,0,0.01,0.02,0.09
2021-12,55.58,26.95,3.24,4.55,1.11,0.01,2.15,2.21,0.03,0.15,0.28,0.15,0.07,1.44,0.71,0.07,0.3,0.14,0.12,0,0.16,0,0.04,0.01,0.13,0.06,0.01,0.01,0,0,0,0.04,0,0.04,0,0.01,0.06,0,0,0,0,0.01,0.05,0,0,0.02,0.08
2022-01,55.98,27.06,2.95,4.65,0.95,0.01,1.82,2.14,0.03,0.15,0.28,0.15,0.07,1.47,0.79,0.07,0.32,0.13,0.18,0,0.16,0,0.04,0,0.14,0.05,0.01,0.01,0,0,0,0.04,0,0.04,0,0.01,0.05,0.05,0,0,0,0.01,0.04,0,0,0.04,0.09
2022-02,53.87,28.34,3.06,5.28,0.91,0.01,1.62,2.22,0.04,0.19,0.29,0.14,0.07,1.53,0.79,0.07,0.36,0.12,0.21,0,0.18,0,0.04,0,0.14,0.05,0.01,0.01,0,0,0,0.05,0,0.06,0,0.01,0.06,0.06,0,0,0,0.01,0.04,0,0,0.04,0.1
2022-03,54.15,28.47,2.9,5.17,1.01,0.01,1.56,2.23,0.03,0.2,0.27,0.13,0.07,1.43,0.79,0.07,0.33,0.12,0.21,0,0.17,0,0.03,0,0.13,0.05,0.01,0.01,0,0,0,0.05,0,0.05,0,0.01,0.06,0.06,0,0,0,0.01,0.04,0,0,0.04,0.1
2022-04,54.32,28.32,2.77,5.27,1.14,0.01,1.46,2.32,0.03,0.18,0.25,0.12,0.06,1.4,0.79,0.08,0.32,0.11,0.22,0,0.18,0,0.04,0,0.14,0.04,0.01,0.01,0,0,0,0.04,0,0.05,0,0.01,0.06,0.06,0,0,0,0.01,0.03,0,0.01,0.04,0.09
2022-05,54.1,28.47,2.61,5.37,1.06,0.01,1.51,2.31,0.03,0.19,0.25,0.12,0.06,1.51,0.79,0.07,0.36,0.11,0.22,0,0.2,0,0.04,0.01,0.15,0.04,0.01,0.02,0,0,0,0.05,0,0.06,0,0.01,0.05,0.06,0,0,0,0.01,0.03,0,0.01,0.03,0.1
2022-06,53.48,29.26,2.51,5.42,1.02,0.01,1.45,2.2,0.02,0.2,0.25,0.12,0.06,1.53,0.8,0.06,0.38,0.12,0.23,0,0.21,0,0.03,0.01,0.16,0.04,0.01,0.02,0,0,0,0.05,0,0.06,0,0.01,0.05,0.07,0,0,0,0.01,0.03,0,0.01,0.03,0.1
2022-07,52.41,30.39,2.47,5.53,1.01,0.01,1.4,2.17,0.02,0.21,0.25,0.11,0.05,1.52,0.79,0.06,0.38,0.12,0.23,0,0.19,0,0.03,0.01,0.16,0.04,0.01,0.02,0,0,0,0.05,0,0.06,0,0.01,0.05,0.07,0,0,0,0.01,0.03,0,0,0.04,0.1
2022-08,53.88,29.09,2.3,5.39,1.09,0.01,1.5,2.07,0.03,0.2,0.27,0.1,0.06,1.57,0.76,0.06,0.39,0.13,0.23,0,0.19,0,0.03,0.01,0.17,0.04,0.01,0.02,0,0,0,0.05,0,0.05,0,0,0.05,0.08,0,0,0,0.01,0.02,0,0.01,0.03,0.11
2022-09,52.83,29.94,2.21,5.42,1.05,0.01,1.39,2.14,0.04,0.21,0.26,0.09,0.05,1.55,0.79,0.06,0.42,0.12,0.26,0,0.23,0,0.03,0.04,0.19,0.04,0.01,0.03,0,0,0,0.06,0,0.06,0,0.01,0.05,0.12,0,0,0,0.01,0.02,0,0.01,0.05,0.21
2022-10,52.01,30.69,2.11,5.54,0.95,0.01,1.24,2.21,0.04,0.21,0.25,0.09,0.05,1.49,0.83,0.07,0.41,0.11,0.31,0,0.23,0,0.03,0.07,0.19,0.03,0,0.04,0,0,0,0.07,0,0.08,0,0,0.05,0.17,0,0,0,0.01,0.02,0,0.01,0.06,0.31
2022-11,53.13,29.86,1.89,5.59,0.99,0.01,1.15,2.15,0.04,0.21,0.23,0.08,0.05,1.53,0.83,0.07,0.42,0.11,0.3,0,0.23,0,0.02,0.07,0.19,0.03,0,0.04,0,0,0,0.08,0,0.08,0,0,0.04,0.17,0,0,0,0.01,0.02,0,0.01,0.06,0.29
2022-12,53.15,29.88,1.82,5.39,1.07,0.01,1.17,2.06,0.04,0.2,0.24,0.08,0.05,1.67,0.83,0.07,0.46,0.11,0.27,0,0.26,0,0.02,0.07,0.22,0.03,0,0.05,0,0,0,0.08,0,0.09,0,0,0.04,0.18,0,0,0,0.01,0.02,0,0.01,0.05,0.29
2023-01,54.76,28.82,1.7,5.15,1.11,0.01,1.15,2,0.04,0.18,0.24,0.07,0.05,1.69,0.78,0.07,0.47,0.11,0.23,0,0.26,0,0.03,0.06,0.22,0.03,0,0.05,0,0,0,0.07,0,0.09,0,0,0.04,0.17,0,0,0,0.01,0.01,0,0.01,0.05,0.27
2023-02,54.26,29.4,1.68,5.21,1.11,0.01,1.12,2.04,0.03,0.18,0.24,0.07,0.05,1.66,0.77,0.07,0.45,0.11,0.22,0,0.24,0,0.02,0.06,0.2,0.03,0,0.06,0,0,0,0.08,0,0.09,0,0,0.04,0.17,0,0,0,0.01,0.01,0,0.01,0.04,0.25
2023-03,54.34,29.41,1.79,5.24,1.2,0.01,1.05,1.99,0.05,0.21,0.23,0.06,0.05,1.59,0.75,0.07,0.42,0.11,0.21,0,0.21,0,0.02,0.06,0.18,0.03,0,0.06,0,0,0,0.07,0,0.07,0,0,0.04,0.16,0,0,0,0.01,0.01,0,0.01,0.04,0.24
2023-04,57.05,27.02,1.62,4.99,1.34,0.01,1.07,1.88,0.06,0.22,0.23,0.06,0.05,1.61,0.72,0.05,0.45,0.1,0.2,0,0.24,0,0.02,0.06,0.19,0.03,0,0.06,0.01,0,0,0.08,0,0.08,0,0,0.03,0.15,0,0,0,0.01,0.01,0,0.01,0.04,0.24
2023-05,58.81,25.2,1.35,4.61,2.25,0.01,0.99,1.88,0.04,0.18,0.21,0.05,0.04,1.59,0.68,0.05,0.48,0.1,0.2,0,0.25,0,0.02,0.07,0.21,0.02,0,0.08,0,0,0,0.08,0,0.09,0,0,0.03,0.13,0,0,0,0.01,0.01,0,0.01,0.04,0.22
2023-06,54.32,26.94,1.32,4.89,3.97,0.01,0.93,2.44,0.06,0.22,0.2,0.05,0.04,1.61,0.71,0.05,0.49,0.1,0.33,0,0.24,0,0.02,0.1,0.2,0.02,0,0.11,0.01,0,0,0.08,0,0.09,0,0,0.03,0.13,0,0,0,0.01,0.01,0,0.01,0.04,0.21
2023-07,54.29,26.87,1.22,4.79,4.36,0.01,0.9,2.45,0.04,0.18,0.18,0.05,0.04,1.6,0.7,0.05,0.49,0.1,0.31,0,0.26,0,0.02,0.1,0.21,0.02,0,0.12,0,0,0,0.09,0,0.09,0,0,0.03,0.13,0,0,0,0.01,0.01,0,0.01,0.04,0.22
2023-08,54.32,26.57,1.18,4.65,4.89,0.01,0.87,2.41,0.05,0.19,0.17,0.05,0.04,1.69,0.68,0.05,0.46,0.1,0.3,0,0.25,0,0.02,0.1,0.21,0.02,0,0.11,0,0,0,0.09,0,0.09,0,0,0.03,0.11,0,0,0,0,0.01,0,0.01,0.04,0.21
2023-09,53.92,26.78,1.12,4.68,5.04,0.01,0.86,2.36,0.05,0.2,0.17,0.05,0.04,1.8,0.66,0.05,0.48,0.09,0.3,0,0.25,0,0.02,0.1,0.21,0.02,0,0.12,0,0,0,0.1,0,0.1,0,0,0.03,0.11,0,0,0,0,0.01,0,0,0.03,0.2
2023-10,54.38,26.71,1.05,4.62,4.53,0.01,0.8,2.63,0.05,0.2,0.16,0.04,0.04,1.76,0.67,0.05,0.48,0.09,0.29,0,0.26,0,0.02,0.09,0.2,0.02,0,0.14,0,0,0,0.13,0,0.12,0,0,0.03,0.13,0,0,0,0,0.01,0,0,0.03,0.21
2023-11,56.15,24.91,0.93,4.33,4.89,0.01,0.82,2.45,0.06,0.19,0.16,0.04,0.04,1.91,0.65,0.04,0.5,0.09,0.28,0,0.28,0,0.02,0.08,0.21,0.02,0,0.18,0,0,0,0.14,0,0.14,0,0,0.02,0.15,0,0,0,0,0.01,0,0,0.03,0.22
2023-12,58.3,22.71,0.76,4.01,5.62,0.01,0.82,2.27,0.05,0.19,0.16,0.04,0.04,2.01,0.59,0.04,0.52,0.09,0.22,0,0.3,0,0.02,0.07,0.23,0.01,0,0.2,0,0,0,0.17,0,0.15,0,0,0.02,0.13,0,0,0,0,0,0,0.01,0.03,0.2
2024-01,58.17,23.1,0.73,4.13,5.12,0.01,0.85,2.25,0.04,0.18,0.16,0.04,0.05,2.05,0.59,0.04,0.57,0.09,0.21,0,0.34,0,0.02,0.06,0.23,0.01,0,0.24,0,0,0,0.17,0,0.14,0,0,0.02,0.13,0,0,0,0,0,0,0.01,0.03,0.19
2024-02,57.54,23.17,0.74,4.2,5.22,0.01,0.85,2.32,0.04,0.19,0.17,0.04,0.05,2.13,0.6,0.04,0.64,0.1,0.22,0,0.38,0,0.02,0.06,0.25,0.01,0,0.25,0,0,0,0.19,0,0.15,0,0,0.02,0.14,0,0,0,0,0,0,0.01,0.02,0.2
2024-03,56.77,23.59,0.73,4.39,5.64,0.01,0.77,2.51,0.03,0.18,0.16,0.04,0.04,2.01,0.62,0.04,0.58,0.11,0.23,0,0.33,0,0.02,0.06,0.22,0.01,0,0.24,0,0,0,0.16,0,0.13,0,0,0.02,0.12,0,0,0,0,0,0,0.01,0.02,0.19
2024-04,54.84,25.08,0.76,4.61,5.16,0.01,0.76,2.88,0.03,0.18,0.15,0.04,0.04,2.08,0.66,0.04,0.63,0.1,0.28,0,0.38,0,0.02,0.06,0.22,0.01,0,0.27,0,0,0,0.16,0,0.15,0,0,0.01,0.12,0,0,0,0,0,0,0.01,0.03,0.22
2024-05,53.85,25.47,0.71,4.74,4.99,0,0.74,3.24,0.02,0.19,0.15,0.04,0.03,2.18,0.68,0.03,0.71,0.09,0.3,0,0.45,0,0.02,0.06,0.24,0.01,0,0.3,0,0,0,0.18,0,0.16,0,0,0.01,0.11,0,0,0,0,0,0,0.01,0.04,0.21
2024-06,54.16,24.19,0.64,4.39,4.56,0,0.95,3.31,0.02,0.17,0.16,0.03,0.04,2.85,0.68,0.03,1.12,0.11,0.24,0,0.78,0,0.02,0.05,0.28,0.01,0,0.49,0,0,0,0.17,0,0.16,0,0,0.01,0.1,0,0,0,0,0,0,0.03,0.03,0.17
2024-07,54.46,24.1,0.62,4.41,4.97,0,0.88,3.54,0.01,0.15,0.14,0.03,0.03,2.61,0.65,0.03,0.97,0.09,0.23,0,0.67,0,0.02,0.05,0.26,0.01,0,0.44,0,0,0,0.15,0,0.14,0,0,0.01,0.1,0,0,0,0,0,0,0.02,0.02,0.15
2024-08,55.52,23.95,0.54,3.98,4.44,0,0.87,3.69,0.02,0.14,0.14,0.03,0.03,2.69,0.61,0.03,0.87,0.09,0.19,0,0.75,0,0.02,0.04,0.27,0.01,0,0.43,0,0,0,0.18,0,0.15,0,0,0.01,0.09,0,0,0,0,0,0,0.02,0.02,0.16
2024-09,55.82,23.52,0.49,3.97,3.9,0,0.8,4.76,0.01,0.14,0.15,0.03,0.03,2.46,0.61,0.03,0.76,0.08,0.19,0,0.77,0,0.02,0.05,0.27,0.01,0,0.44,0,0,0,0.21,0,0.16,0,0,0.01,0.09,0,0,0,0,0,0,0.01,0.02,0.18
2024-10,51.31,23.73,0.39,3.24,3.03,0,0.56,12.83,0.01,0.11,0.11,0.02,0.02,1.78,0.47,0.02,0.53,0.06,0.16,0,0.51,0,0.01,0.04,0.2,0.01,0,0.32,0,0,0,0.17,0,0.12,0,0,0.01,0.07,0,0,0,0,0,0,0.01,0.02,0.15
2024-11,54.91,23.84,0.38,3.56,3.31,0,0.5,8.74,0.01,0.11,0.13,0.02,0.02,1.73,0.48,0.03,0.52,0.06,0.17,0,0.4,0,0.01,0.04,0.2,0,0,0.3,0,0,0,0.17,0,0.12,0,0,0.01,0.07,0,0,0,0,0,0,0.01,0.02,0.14
2024-12,50.08,23.67,0.43,5.17,5.08,0,0.88,6.05,0.01,0.13,0.46,0.02,0.03,3.12,0.55,0.03,1.41,0.07,0.17,0,0.79,0,0.01,0.05,0.34,0.01,0,0.77,0,0,0,0.2,0,0.16,0,0,0.01,0.09,0,0,0,0,0,0,0.01,0.02,0.18
2025-01,50.89,23.56,0.44,5.76,5.31,0,1.03,2.93,0.01,0.13,0.59,0.02,0.03,3.58,0.58,0.03,1.78,0.07,0.16,0,0.99,0,0.01,0.04,0.41,0.01,0,0.97,0,0,0,0.21,0,0.18,0,0,0.01,0.08,0,0,0,0,0,0,0.01,0.02,0.17
2025-02,52.63,24.42,0.44,5.55,4.29,0,0.86,3.14,0.01,0.13,0.44,0.02,0.02,3.13,0.56,0.03,1.41,0.07,0.17,0,0.77,0,0.01,0.04,0.35,0.01,0,0.78,0,0,0,0.24,0,0.18,0,0,0.01,0.09,0,0,0,0,0,0,0.01,0.02,0.17
2025-03,51.94,23.84,0.41,5.42,5.42,0,0.81,3.53,0.01,0.12,0.43,0.02,0.03,3.13,0.56,0.03,1.39,0.06,0.24,0,0.69,0,0.01,0.04,0.35,0.01,0,0.8,0,0,0,0.25,0,0.17,0,0,0.01,0.08,0,0,0,0,0,0,0.01,0.02,0.18
2010-03,0,0,0,0,0,0,0,0,0,0,0,0,0,0,0,0,0,0,0,0,0,0,0,0,0,0,0,0,0,0,0,0,0,0,0,0,0,0,0,0,0,0,0,0,0,0,0
